-- MySQL dump 10.13  Distrib 8.0.43, for Win64 (x86_64)
--
-- Host: localhost    Database: storeflow
-- ------------------------------------------------------
-- Server version	8.0.43

/*!40101 SET @OLD_CHARACTER_SET_CLIENT=@@CHARACTER_SET_CLIENT */;
/*!40101 SET @OLD_CHARACTER_SET_RESULTS=@@CHARACTER_SET_RESULTS */;
/*!40101 SET @OLD_COLLATION_CONNECTION=@@COLLATION_CONNECTION */;
/*!50503 SET NAMES utf8mb4 */;
/*!40103 SET @OLD_TIME_ZONE=@@TIME_ZONE */;
/*!40103 SET TIME_ZONE='+00:00' */;
/*!40014 SET @OLD_UNIQUE_CHECKS=@@UNIQUE_CHECKS, UNIQUE_CHECKS=0 */;
/*!40014 SET @OLD_FOREIGN_KEY_CHECKS=@@FOREIGN_KEY_CHECKS, FOREIGN_KEY_CHECKS=0 */;
/*!40101 SET @OLD_SQL_MODE=@@SQL_MODE, SQL_MODE='NO_AUTO_VALUE_ON_ZERO' */;
/*!40111 SET @OLD_SQL_NOTES=@@SQL_NOTES, SQL_NOTES=0 */;

--
-- Table structure for table `customer_payments`
--

DROP TABLE IF EXISTS `customer_payments`;
/*!40101 SET @saved_cs_client     = @@character_set_client */;
/*!50503 SET character_set_client = utf8mb4 */;
CREATE TABLE `customer_payments` (
  `id` int NOT NULL AUTO_INCREMENT,
  `customer_id` int NOT NULL,
  `amount` decimal(10,2) NOT NULL,
  `description` text,
  `payment_date` date NOT NULL,
  `created_at` timestamp NULL DEFAULT CURRENT_TIMESTAMP,
  PRIMARY KEY (`id`),
  KEY `customer_id` (`customer_id`),
  CONSTRAINT `customer_payments_ibfk_1` FOREIGN KEY (`customer_id`) REFERENCES `customers` (`id`) ON DELETE CASCADE
) ENGINE=InnoDB AUTO_INCREMENT=5 DEFAULT CHARSET=utf8mb4 COLLATE=utf8mb4_0900_ai_ci;
/*!40101 SET character_set_client = @saved_cs_client */;

--
-- Dumping data for table `customer_payments`
--

LOCK TABLES `customer_payments` WRITE;
/*!40000 ALTER TABLE `customer_payments` DISABLE KEYS */;
INSERT INTO `customer_payments` VALUES (1,4,100.00,'in hand cash\n','2025-09-20','2025-09-20 13:59:13'),(2,4,222.00,'jj','2025-09-20','2025-09-20 14:59:46'),(3,4,100.00,'cash','2025-10-01','2025-10-01 15:49:49'),(4,32,500.00,'Partial payment on account','2025-10-12','2025-10-12 15:16:35');
/*!40000 ALTER TABLE `customer_payments` ENABLE KEYS */;
UNLOCK TABLES;

--
-- Table structure for table `customers`
--

DROP TABLE IF EXISTS `customers`;
/*!40101 SET @saved_cs_client     = @@character_set_client */;
/*!50503 SET character_set_client = utf8mb4 */;
CREATE TABLE `customers` (
  `id` int NOT NULL AUTO_INCREMENT,
  `name` varchar(100) NOT NULL,
  `type` enum('long-term','retail') DEFAULT 'long-term',
  `balance` decimal(10,2) DEFAULT '0.00',
  `brand_name` varchar(100) DEFAULT NULL,
  `contact` varchar(100) DEFAULT NULL,
  `opening_balance` decimal(10,2) DEFAULT '0.00',
  `opening_balance_type` enum('debit','credit') DEFAULT 'debit',
  `address` varchar(255) DEFAULT NULL,
  `phone` varchar(20) DEFAULT NULL,
  `email` varchar(100) DEFAULT NULL,
  `closing_balance` decimal(10,2) DEFAULT '0.00',
  `credit_limit` decimal(10,2) DEFAULT '0.00',
  `created_at` datetime DEFAULT CURRENT_TIMESTAMP,
  `deleted_at` datetime DEFAULT NULL,
  PRIMARY KEY (`id`),
  KEY `idx_customers_deleted_at` (`deleted_at`)
) ENGINE=InnoDB AUTO_INCREMENT=103 DEFAULT CHARSET=utf8mb4 COLLATE=utf8mb4_0900_ai_ci;
/*!40101 SET character_set_client = @saved_cs_client */;

--
-- Dumping data for table `customers`
--

LOCK TABLES `customers` WRITE;
/*!40000 ALTER TABLE `customers` DISABLE KEYS */;
INSERT INTO `customers` VALUES (4,'Zain Ul Abideen','long-term',611.00,'Zain Ul Abideen','zuan',-140.00,'debit','137 H Block Burewalaa','03266227772','ulabideen436@gmail.com',-280.00,0.00,'2025-10-09 18:43:42',NULL),(7,'inam','long-term',-351.20,'inam',NULL,1000.00,'debit','harappa','03001454554','ulhsakd@gmail.com',-400.00,0.00,'2025-10-09 18:43:42',NULL),(8,'Test Customer Debit','long-term',1120.00,'Test Customer Debit',NULL,1000.00,'debit',NULL,'1234567890','test@debit.com',0.00,0.00,'2025-10-09 18:43:42',NULL),(9,'Test Customer Credit','long-term',-500.00,'Test Customer Credit','',-500.00,'credit','ugiuyg','0987654321','test@credit.com',0.00,10000.00,'2025-10-09 18:43:42',NULL),(14,'Taha','long-term',0.00,'Browser','zua',500.00,'debit','Multan','03106733255','Taha@gmail.com',0.00,15000.00,'2025-10-09 18:43:42',NULL),(15,'Test Customer Created At 1760017477325','long-term',0.00,'Test Brand','03001234567',1000.00,'debit','123 Test Street','03001234567','test@example.com',0.00,25000.00,'2025-10-09 18:44:37',NULL),(17,'Test Delete Customer','long-term',0.00,'Test Customer Brand','test-delete@example.com',0.00,'debit','','','',0.00,NULL,'2025-10-12 18:14:22',NULL),(18,'Test Delete Customer','long-term',0.00,'Test Customer Brand','test-delete@example.com',0.00,'debit','','','',0.00,NULL,'2025-10-12 18:19:46','2025-10-12 18:19:47'),(19,'Test Delete Customer','long-term',0.00,'Test Customer Brand','test-delete@example.com',0.00,'debit','','','',0.00,NULL,'2025-10-12 18:21:57','2025-10-12 18:21:57'),(20,'Test Delete Customer','long-term',0.00,'Test Customer Brand','test-delete@example.com',0.00,'debit','','','',0.00,NULL,'2025-10-12 18:35:29','2025-10-12 18:35:29'),(21,'Test Delete Customer','long-term',0.00,'Test Customer Brand','test-delete@example.com',0.00,'debit','','','',0.00,NULL,'2025-10-12 18:38:18','2025-10-12 18:38:18'),(22,'Test Delete Customer','long-term',0.00,'Test Customer Brand','test-delete@example.com',0.00,'debit','','','',0.00,NULL,'2025-10-12 18:41:05','2025-10-12 18:41:05'),(23,'Test Delete Customer','long-term',0.00,'Test Customer Brand','test-delete@example.com',0.00,'debit','','','',0.00,NULL,'2025-10-12 18:41:57','2025-10-12 18:41:57'),(24,'Updated Test Customer','long-term',0.00,'',NULL,0.00,'debit','Updated Address','1234567890','',0.00,NULL,'2025-10-12 19:15:29',NULL),(25,'Test Customer','long-term',0.00,'',NULL,0.00,'debit','Test Address','1234567890','',0.00,NULL,'2025-10-12 19:16:01',NULL),(26,'Test Customer','long-term',0.00,'',NULL,0.00,'debit','Test Address','1234567890','',0.00,NULL,'2025-10-12 19:27:27',NULL),(27,'Test Customer','long-term',0.00,'',NULL,0.00,'debit','Test Address','1234567890','',0.00,NULL,'2025-10-12 19:34:31',NULL),(28,'Test Customer','long-term',0.00,'',NULL,0.00,'debit','Test Address','1234567890','',0.00,NULL,'2025-10-12 19:49:14',NULL),(29,'Business Logic Test Customer','long-term',0.00,'',NULL,0.00,'debit','Test Address 123','1234567890','',0.00,5000.00,'2025-10-12 19:53:41',NULL),(30,'','long-term',0.00,'',NULL,0.00,'debit','Test Address','1234567890','',0.00,NULL,'2025-10-12 19:53:41',NULL),(31,'Database Test Customer','long-term',0.00,'',NULL,0.00,'debit','Test Address','1234567890','dbtest@example.com',0.00,NULL,'2025-10-12 19:58:58','2025-10-13 15:44:46'),(32,'ABC Corporation','long-term',-500.00,'',NULL,0.00,'debit','123 Business St','555-0001','contact@abc-corp.com',0.00,NULL,'2025-10-12 20:16:35',NULL),(33,'John Smith','long-term',0.00,'',NULL,0.00,'debit','456 Home Ave','555-0002','john@example.com',0.00,NULL,'2025-10-12 20:16:35',NULL),(34,'Tech Solutions Ltd','long-term',0.00,'',NULL,0.00,'debit','789 Tech Blvd','555-0003','info@techsolutions.com',0.00,NULL,'2025-10-12 20:16:35',NULL),(35,'Database Test Customer','long-term',0.00,'',NULL,0.00,'debit','Test Address','1234567890','dbtest@example.com',0.00,NULL,'2025-10-13 15:15:08','2025-10-13 15:44:46'),(36,'Database Test Customer','long-term',0.00,'',NULL,0.00,'debit','Test Address','1234567890','dbtest@example.com',0.00,NULL,'2025-10-13 15:15:13','2025-10-13 15:44:46'),(37,'Database Test Customer','long-term',0.00,'',NULL,0.00,'debit','Test Address','1234567890','dbtest@example.com',0.00,NULL,'2025-10-13 15:26:20','2025-10-13 15:44:46'),(38,'Database Test Customer','long-term',0.00,'',NULL,0.00,'debit','Test Address','1234567890','dbtest@example.com',0.00,NULL,'2025-10-13 15:35:36','2025-10-13 15:44:46'),(39,'Database Test Customer','long-term',0.00,'',NULL,0.00,'debit','Test Address','1234567890','dbtest@example.com',0.00,NULL,'2025-10-13 15:44:46','2025-10-13 15:44:46'),(40,'Database Test Customer','long-term',0.00,'',NULL,0.00,'debit','Test Address','1234567890','dbtest@example.com',0.00,NULL,'2025-10-13 15:46:58','2025-10-13 15:46:59'),(41,'Database Test Customer','long-term',0.00,'',NULL,0.00,'debit','Test Address','1234567890','dbtest@example.com',0.00,NULL,'2025-10-13 15:48:15','2025-10-13 15:55:59'),(42,'Final Test Customer','long-term',0.00,'',NULL,0.00,'debit','Test Address','1234567890','finaltest643958@example.com',0.00,NULL,'2025-10-13 15:50:45',NULL),(43,'Final Test Customer','long-term',0.00,'',NULL,0.00,'debit','Test Address','1234567890','finaltest9110@example.com',0.00,NULL,'2025-10-13 15:51:40',NULL),(44,'Database Test Customer','long-term',0.00,'',NULL,0.00,'debit','Test Address','1234567890','dbtest@example.com',0.00,NULL,'2025-10-13 15:56:01','2025-10-13 15:56:01'),(45,'Updated Test Customer 1760429249382','long-term',0.00,'Test Brand',NULL,0.00,'debit','Test Address','1234569382','',0.00,7500.00,'2025-10-14 13:07:29',NULL),(46,'Sale Test Customer 1760429249455','long-term',0.00,'',NULL,0.00,'debit','','9876549455','',0.00,NULL,'2025-10-14 13:07:29',NULL),(47,'','long-term',0.00,'',NULL,0.00,'debit','','invalid-phone','',0.00,NULL,'2025-10-14 13:07:29',NULL),(49,'API Test Customer 1760429699940','long-term',0.00,'',NULL,0.00,'debit','','1239699940','',0.00,NULL,'2025-10-14 13:14:59',NULL),(50,'Updated Test Customer 1760429795808','long-term',0.00,'Test Brand',NULL,0.00,'debit','Test Address','1234565808','',0.00,7500.00,'2025-10-14 13:16:35','2025-10-14 13:16:35'),(51,'Sale Test Customer 1760429795944','long-term',0.00,'',NULL,0.00,'debit','','9876545944','',0.00,NULL,'2025-10-14 13:16:35','2025-10-14 13:16:36'),(52,'','long-term',0.00,'',NULL,0.00,'debit','','invalid-phone','',0.00,NULL,'2025-10-14 13:16:36',NULL),(53,'Sale Test Customer 1760429841313','long-term',0.00,'',NULL,0.00,'debit','','9876541313','',0.00,NULL,'2025-10-14 13:17:21','2025-10-14 13:17:21'),(54,'Sale Test Customer 1760429886577','long-term',0.00,'',NULL,0.00,'debit','','9876546577','',0.00,NULL,'2025-10-14 13:18:06',NULL),(55,'Updated Test Customer 1760429902807','long-term',0.00,'Test Brand',NULL,0.00,'debit','Test Address','1234562807','',0.00,7500.00,'2025-10-14 13:18:22','2025-10-14 13:18:22'),(56,'Sale Test Customer 1760429902955','long-term',0.00,'',NULL,0.00,'debit','','9876542955','',0.00,NULL,'2025-10-14 13:18:22',NULL),(57,'','long-term',0.00,'',NULL,0.00,'debit','','invalid-phone','',0.00,NULL,'2025-10-14 13:18:23',NULL),(58,'Updated Test Customer 1760429948805','long-term',0.00,'Test Brand',NULL,0.00,'debit','Test Address','1234568805','',0.00,7500.00,'2025-10-14 13:19:08','2025-10-14 13:19:08'),(59,'Sale Test Customer 1760429948929','long-term',0.00,'',NULL,0.00,'debit','','9876548929','',0.00,NULL,'2025-10-14 13:19:08','2025-10-14 13:19:09'),(60,'','long-term',0.00,'',NULL,0.00,'debit','','invalid-phone','',0.00,NULL,'2025-10-14 13:19:09',NULL),(61,'Updated Test Customer 1760430055135','long-term',0.00,'Test Brand',NULL,0.00,'debit','Test Address','1234565135','',0.00,7500.00,'2025-10-14 13:20:55','2025-10-14 13:20:55'),(62,'Sale Test Customer 1760430055262','long-term',0.00,'',NULL,0.00,'debit','','9876545262','',0.00,NULL,'2025-10-14 13:20:55','2025-10-14 13:20:55'),(63,'','long-term',0.00,'',NULL,0.00,'debit','','invalid-phone','',0.00,NULL,'2025-10-14 13:20:55',NULL),(64,'','long-term',0.00,'',NULL,0.00,'debit','','invalid-phone','',0.00,NULL,'2025-10-14 13:23:34','2025-10-14 13:23:34'),(65,'Test Customer','long-term',0.00,'',NULL,0.00,'debit','','','',0.00,NULL,'2025-10-14 13:23:34','2025-10-14 13:23:34'),(66,'','long-term',0.00,'',NULL,0.00,'debit','','1234567890','',0.00,NULL,'2025-10-14 13:23:34','2025-10-14 13:23:35'),(67,'Test Customer','long-term',0.00,'',NULL,0.00,'debit','','','',0.00,NULL,'2025-10-14 13:23:35','2025-10-14 13:23:35'),(68,'Updated Test Customer 1760430232416','long-term',0.00,'Test Brand',NULL,0.00,'debit','Test Address','1234562416','',0.00,7500.00,'2025-10-14 13:23:52','2025-10-14 13:23:52'),(69,'Sale Test Customer 1760430232537','long-term',0.00,'',NULL,0.00,'debit','','9876542537','',0.00,NULL,'2025-10-14 13:23:52','2025-10-14 13:23:52'),(70,'Historical Test Customer 1760430232866','long-term',0.00,'',NULL,0.00,'debit','','1111112866','',0.00,NULL,'2025-10-14 13:23:52','2025-10-14 13:23:53'),(71,'','long-term',0.00,'',NULL,0.00,'debit','','invalid-phone','',0.00,NULL,'2025-10-14 13:23:53',NULL),(72,'Updated Test Customer 1760430261111','long-term',0.00,'Test Brand',NULL,0.00,'debit','Test Address','1234561111','',0.00,7500.00,'2025-10-14 13:24:21','2025-10-14 13:24:21'),(73,'Sale Test Customer 1760430261225','long-term',0.00,'',NULL,0.00,'debit','','9876541225','',0.00,NULL,'2025-10-14 13:24:21','2025-10-14 13:24:21'),(74,'Historical Test Customer 1760430261527','long-term',0.00,'',NULL,0.00,'debit','','1111111527','',0.00,NULL,'2025-10-14 13:24:21','2025-10-14 13:24:21'),(75,'','long-term',0.00,'',NULL,0.00,'debit','','invalid-phone','',0.00,NULL,'2025-10-14 13:24:21',NULL),(76,'','long-term',0.00,'',NULL,0.00,'debit','','invalid-phone','',0.00,NULL,'2025-10-14 13:25:06','2025-10-14 13:25:06'),(77,'Test Customer','long-term',0.00,'',NULL,0.00,'debit','','','',0.00,NULL,'2025-10-14 13:25:06','2025-10-14 13:25:06'),(78,'','long-term',0.00,'',NULL,0.00,'debit','','1234567890','',0.00,NULL,'2025-10-14 13:25:06','2025-10-14 13:25:06'),(79,'Test Customer','long-term',0.00,'',NULL,0.00,'debit','','','',0.00,NULL,'2025-10-14 13:25:06','2025-10-14 13:25:06'),(80,'Updated Test Customer 1760430447214','long-term',0.00,'Test Brand',NULL,0.00,'debit','Test Address','1234567214','',0.00,7500.00,'2025-10-14 13:27:27','2025-10-14 13:27:27'),(81,'Sale Test Customer 1760430447339','long-term',0.00,'',NULL,0.00,'debit','','9876547339','',0.00,NULL,'2025-10-14 13:27:27','2025-10-14 13:27:27'),(82,'Historical Test Customer 1760430447668','long-term',0.00,'',NULL,0.00,'debit','','1111117668','',0.00,NULL,'2025-10-14 13:27:27','2025-10-14 13:27:27'),(83,'\'; DROP TABLE customers; --','long-term',0.00,'',NULL,0.00,'debit','','\' OR \'1\'=\'1','test@example.com',0.00,NULL,'2025-10-14 14:15:51',NULL),(84,'Updated Test Customer 1760434063472','long-term',0.00,'Test Brand',NULL,0.00,'debit','Test Address','1234563472','',0.00,7500.00,'2025-10-14 14:27:43','2025-10-14 14:27:43'),(85,'Sale Test Customer 1760434063684','long-term',0.00,'',NULL,0.00,'debit','','9876543684','',0.00,NULL,'2025-10-14 14:27:43','2025-10-14 14:27:44'),(86,'Historical Test Customer 1760434064129','long-term',0.00,'',NULL,0.00,'debit','','1111114129','',0.00,NULL,'2025-10-14 14:27:44','2025-10-14 14:27:44'),(87,'Sale Test Customer 1760435348742','long-term',0.00,'',NULL,0.00,'debit','','9876548742','',0.00,NULL,'2025-10-14 14:49:08',NULL),(96,'Test Customer Wholesale','long-term',0.00,NULL,NULL,0.00,'debit',NULL,'9876543210','wholesale@test.com',0.00,0.00,'2025-10-14 16:03:19',NULL),(98,'Test Customer Wholesale','long-term',0.00,NULL,NULL,0.00,'debit',NULL,'9876543210','wholesale@test.com',0.00,0.00,'2025-10-14 16:03:56',NULL),(100,'Test Customer Wholesale','long-term',0.00,NULL,NULL,0.00,'debit',NULL,'9876543210','wholesale@test.com',0.00,0.00,'2025-10-14 16:11:35',NULL),(102,'Test Customer Wholesale','long-term',0.00,NULL,NULL,0.00,'debit',NULL,'9876543210','wholesale@test.com',0.00,0.00,'2025-10-14 16:14:16',NULL);
/*!40000 ALTER TABLE `customers` ENABLE KEYS */;
UNLOCK TABLES;

--
-- Table structure for table `deleted_items`
--

DROP TABLE IF EXISTS `deleted_items`;
/*!40101 SET @saved_cs_client     = @@character_set_client */;
/*!50503 SET character_set_client = utf8mb4 */;
CREATE TABLE `deleted_items` (
  `id` int NOT NULL AUTO_INCREMENT,
  `item_type` enum('product','customer','supplier','sale','user','purchase') NOT NULL,
  `item_id` varchar(50) NOT NULL,
  `original_data` json NOT NULL,
  `deleted_at` datetime DEFAULT CURRENT_TIMESTAMP,
  `deleted_by` int NOT NULL,
  `deletion_reason` varchar(500) DEFAULT NULL,
  `can_restore` tinyint(1) DEFAULT '1',
  PRIMARY KEY (`id`),
  KEY `idx_item_type` (`item_type`),
  KEY `idx_deleted_at` (`deleted_at`),
  KEY `idx_deleted_by` (`deleted_by`),
  CONSTRAINT `deleted_items_ibfk_1` FOREIGN KEY (`deleted_by`) REFERENCES `users` (`id`)
) ENGINE=InnoDB AUTO_INCREMENT=141 DEFAULT CHARSET=utf8mb4 COLLATE=utf8mb4_0900_ai_ci;
/*!40101 SET character_set_client = @saved_cs_client */;

--
-- Dumping data for table `deleted_items`
--

LOCK TABLES `deleted_items` WRITE;
/*!40000 ALTER TABLE `deleted_items` DISABLE KEYS */;
INSERT INTO `deleted_items` VALUES (1,'product','TEST-DELETE-001','{\"id\": \"TEST-DELETE-001\", \"uom\": \"pcs\", \"name\": \"Test Delete Product\", \"brand\": \"Test Brand\", \"category\": null, \"location\": null, \"supplier\": null, \"design_no\": null, \"cost_price\": \"60.00\", \"deleted_at\": null, \"total_sold\": 0, \"retail_price\": \"100.00\", \"stock_quantity\": 10, \"wholesale_price\": \"80.00\"}','2025-10-12 18:14:22',26,'Product deleted by user',1),(2,'product','TEST-DELETE-1760275186903','{\"id\": \"TEST-DELETE-1760275186903\", \"uom\": \"pcs\", \"name\": \"Test Delete Product\", \"brand\": \"Test Brand\", \"category\": null, \"location\": null, \"supplier\": null, \"design_no\": null, \"cost_price\": \"60.00\", \"deleted_at\": null, \"total_sold\": 0, \"retail_price\": \"100.00\", \"stock_quantity\": 10, \"wholesale_price\": \"80.00\"}','2025-10-12 18:19:47',26,'Product deleted by user',1),(3,'customer','18','{\"id\": 18, \"name\": \"Test Delete Customer\", \"type\": \"long-term\", \"email\": \"\", \"phone\": \"\", \"address\": \"\", \"balance\": \"0.00\", \"contact\": \"test-delete@example.com\", \"brand_name\": \"Test Customer Brand\", \"created_at\": \"2025-10-12T13:19:46.000Z\", \"deleted_at\": null, \"credit_limit\": null, \"closing_balance\": \"0.00\", \"opening_balance\": \"0.00\", \"opening_balance_type\": \"debit\"}','2025-10-12 18:19:47',26,'Customer deleted by user',1),(4,'product','TEST-DELETE-1760275317632','{\"id\": \"TEST-DELETE-1760275317632\", \"uom\": \"pcs\", \"name\": \"Test Delete Product\", \"brand\": \"Test Brand\", \"category\": null, \"location\": null, \"supplier\": null, \"design_no\": null, \"cost_price\": \"60.00\", \"deleted_at\": null, \"total_sold\": 0, \"retail_price\": \"100.00\", \"stock_quantity\": 10, \"wholesale_price\": \"80.00\"}','2025-10-12 18:21:57',26,'Product deleted by user',1),(5,'customer','19','{\"id\": 19, \"name\": \"Test Delete Customer\", \"type\": \"long-term\", \"email\": \"\", \"phone\": \"\", \"address\": \"\", \"balance\": \"0.00\", \"contact\": \"test-delete@example.com\", \"brand_name\": \"Test Customer Brand\", \"created_at\": \"2025-10-12T13:21:57.000Z\", \"deleted_at\": null, \"credit_limit\": null, \"closing_balance\": \"0.00\", \"opening_balance\": \"0.00\", \"opening_balance_type\": \"debit\"}','2025-10-12 18:21:57',26,'Customer deleted by user',1),(6,'supplier','40','{\"id\": 40, \"name\": \"Test Delete Supplier\", \"balance\": \"0.00\", \"brand_name\": \"Test Supplier Brand\", \"deleted_at\": null, \"contact_info\": \"test-delete-supplier@example.com\", \"opening_balance\": \"0.00\", \"opening_balance_type\": \"debit\"}','2025-10-12 18:21:58',26,'Supplier deleted by user',1),(7,'product','TEST-DELETE-1760276129747','{\"id\": \"TEST-DELETE-1760276129747\", \"uom\": \"pcs\", \"name\": \"Test Delete Product\", \"brand\": \"Test Brand\", \"category\": null, \"location\": null, \"supplier\": null, \"design_no\": null, \"cost_price\": \"60.00\", \"deleted_at\": null, \"total_sold\": 0, \"retail_price\": \"100.00\", \"stock_quantity\": 10, \"wholesale_price\": \"80.00\"}','2025-10-12 18:35:29',26,'Product deleted by user',1),(8,'customer','20','{\"id\": 20, \"name\": \"Test Delete Customer\", \"type\": \"long-term\", \"email\": \"\", \"phone\": \"\", \"address\": \"\", \"balance\": \"0.00\", \"contact\": \"test-delete@example.com\", \"brand_name\": \"Test Customer Brand\", \"created_at\": \"2025-10-12T13:35:29.000Z\", \"deleted_at\": null, \"credit_limit\": null, \"closing_balance\": \"0.00\", \"opening_balance\": \"0.00\", \"opening_balance_type\": \"debit\"}','2025-10-12 18:35:29',26,'Customer deleted by user',1),(9,'supplier','41','{\"id\": 41, \"name\": \"Test Delete Supplier\", \"balance\": \"0.00\", \"brand_name\": \"Test Supplier Brand\", \"deleted_at\": null, \"contact_info\": \"test-delete-supplier@example.com\", \"opening_balance\": \"0.00\", \"opening_balance_type\": \"debit\"}','2025-10-12 18:35:30',26,'Supplier deleted by user',1),(10,'product','TEST-DELETE-1760276298605','{\"id\": \"TEST-DELETE-1760276298605\", \"uom\": \"pcs\", \"name\": \"Test Delete Product\", \"brand\": \"Test Brand\", \"category\": null, \"location\": null, \"supplier\": null, \"design_no\": null, \"cost_price\": \"60.00\", \"deleted_at\": null, \"total_sold\": 0, \"retail_price\": \"100.00\", \"stock_quantity\": 10, \"wholesale_price\": \"80.00\"}','2025-10-12 18:38:18',26,'Product deleted by user',0),(12,'supplier','42','{\"id\": 42, \"name\": \"Test Delete Supplier\", \"balance\": \"0.00\", \"brand_name\": \"Test Supplier Brand\", \"deleted_at\": null, \"contact_info\": \"test-delete-supplier@example.com\", \"opening_balance\": \"0.00\", \"opening_balance_type\": \"debit\"}','2025-10-12 18:38:18',26,'Supplier deleted by user',0),(13,'product','TEST-DELETE-1760276298605','{\"action\": \"restored\", \"restored_at\": \"2025-10-12T13:38:19.240Z\", \"restored_by\": 26}','2025-10-12 18:38:19',26,'Item restored from deleted items',0),(14,'product','TEST-DELETE-1760276298605','{\"id\": \"TEST-DELETE-1760276298605\", \"uom\": \"pcs\", \"name\": \"Test Delete Product\", \"brand\": \"Test Brand\", \"category\": null, \"location\": null, \"supplier\": null, \"design_no\": null, \"cost_price\": \"60.00\", \"deleted_at\": null, \"total_sold\": 0, \"retail_price\": \"100.00\", \"stock_quantity\": 10, \"wholesale_price\": \"80.00\"}','2025-10-12 18:38:19',26,'Product deleted by user',1),(15,'supplier','42','{\"action\": \"restored\", \"restored_at\": \"2025-10-12T13:39:23.696Z\", \"restored_by\": 26}','2025-10-12 18:39:23',26,'Item restored from deleted items',0),(16,'supplier','42','{\"id\": 42, \"name\": \"Test Delete Supplier\", \"balance\": \"0.00\", \"brand_name\": \"Test Supplier Brand\", \"deleted_at\": null, \"contact_info\": \"test-delete-supplier@example.com\", \"opening_balance\": \"0.00\", \"opening_balance_type\": \"debit\"}','2025-10-12 18:39:23',26,'Supplier deleted by user',1),(17,'product','TEST-DELETE-1760276465241','{\"id\": \"TEST-DELETE-1760276465241\", \"uom\": \"pcs\", \"name\": \"Test Delete Product\", \"brand\": \"Test Brand\", \"category\": null, \"location\": null, \"supplier\": null, \"design_no\": null, \"cost_price\": \"60.00\", \"deleted_at\": null, \"total_sold\": 0, \"retail_price\": \"100.00\", \"stock_quantity\": 10, \"wholesale_price\": \"80.00\"}','2025-10-12 18:41:05',26,'Product deleted by user',0),(19,'supplier','43','{\"id\": 43, \"name\": \"Test Delete Supplier\", \"balance\": \"0.00\", \"brand_name\": \"Test Supplier Brand\", \"deleted_at\": null, \"contact_info\": \"test-delete-supplier@example.com\", \"opening_balance\": \"0.00\", \"opening_balance_type\": \"debit\"}','2025-10-12 18:41:05',26,'Supplier deleted by user',1),(20,'product','TEST-DELETE-1760276465241','{\"action\": \"restored\", \"restored_at\": \"2025-10-12T13:41:05.792Z\", \"restored_by\": 26}','2025-10-12 18:41:05',26,'Item restored from deleted items',0),(21,'product','TEST-DELETE-1760276465241','{\"id\": \"TEST-DELETE-1760276465241\", \"uom\": \"pcs\", \"name\": \"Test Delete Product\", \"brand\": \"Test Brand\", \"category\": null, \"location\": null, \"supplier\": null, \"design_no\": null, \"cost_price\": \"60.00\", \"deleted_at\": null, \"total_sold\": 0, \"retail_price\": \"100.00\", \"stock_quantity\": 10, \"wholesale_price\": \"80.00\"}','2025-10-12 18:41:06',26,'Product deleted by user',1),(22,'product','TEST-DELETE-1760276517768','{\"id\": \"TEST-DELETE-1760276517768\", \"uom\": \"pcs\", \"name\": \"Test Delete Product\", \"brand\": \"Test Brand\", \"category\": null, \"location\": null, \"supplier\": null, \"design_no\": null, \"cost_price\": \"60.00\", \"deleted_at\": null, \"total_sold\": 0, \"retail_price\": \"100.00\", \"stock_quantity\": 10, \"wholesale_price\": \"80.00\"}','2025-10-12 18:41:57',26,'Product deleted by user',0),(24,'supplier','44','{\"id\": 44, \"name\": \"Test Delete Supplier\", \"balance\": \"0.00\", \"brand_name\": \"Test Supplier Brand\", \"deleted_at\": null, \"contact_info\": \"test-delete-supplier@example.com\", \"opening_balance\": \"0.00\", \"opening_balance_type\": \"debit\"}','2025-10-12 18:41:58',26,'Supplier deleted by user',0),(25,'product','TEST-DELETE-1760276517768','{\"action\": \"restored\", \"restored_at\": \"2025-10-12T13:41:58.194Z\", \"restored_by\": 26}','2025-10-12 18:41:58',26,'Item restored from deleted items',0),(26,'product','TEST-DELETE-1760276517768','{\"id\": \"TEST-DELETE-1760276517768\", \"uom\": \"pcs\", \"name\": \"Test Delete Product\", \"brand\": \"Test Brand\", \"category\": null, \"location\": null, \"supplier\": null, \"design_no\": null, \"cost_price\": \"60.00\", \"deleted_at\": null, \"total_sold\": 0, \"retail_price\": \"100.00\", \"stock_quantity\": 10, \"wholesale_price\": \"80.00\"}','2025-10-12 18:41:58',26,'Product deleted by user',1),(27,'supplier','44','{\"action\": \"restored\", \"restored_at\": \"2025-10-12T13:41:58.445Z\", \"restored_by\": 26}','2025-10-12 18:41:58',26,'Item restored from deleted items',0),(28,'supplier','44','{\"id\": 44, \"name\": \"Test Delete Supplier\", \"balance\": \"0.00\", \"brand_name\": \"Test Supplier Brand\", \"deleted_at\": null, \"contact_info\": \"test-delete-supplier@example.com\", \"opening_balance\": \"0.00\", \"opening_balance_type\": \"debit\"}','2025-10-12 18:41:58',26,'Supplier deleted by user',1),(29,'product','TEST001','{\"id\": \"TEST001\", \"uom\": \"pcs\", \"name\": \"Test Product\", \"brand\": null, \"category\": null, \"location\": null, \"supplier\": null, \"design_no\": null, \"cost_price\": \"8.00\", \"deleted_at\": null, \"total_sold\": 0, \"retail_price\": \"10.00\", \"stock_quantity\": 100, \"wholesale_price\": null}','2025-10-13 15:24:44',5,'Product deleted by user',1),(30,'product','test_db_product_001','{\"id\": \"test_db_product_001\", \"uom\": \"pcs\", \"name\": \"Database Test Product\", \"brand\": null, \"category\": null, \"location\": null, \"supplier\": null, \"design_no\": null, \"cost_price\": \"79.99\", \"deleted_at\": null, \"total_sold\": 0, \"retail_price\": \"99.99\", \"stock_quantity\": 50, \"wholesale_price\": null}','2025-10-13 15:44:45',5,'Product deleted by user',1),(31,'product','test_low_stock_001','{\"id\": \"test_low_stock_001\", \"uom\": \"pcs\", \"name\": \"Low Stock Test Product\", \"brand\": null, \"category\": null, \"location\": null, \"supplier\": null, \"design_no\": null, \"cost_price\": \"40.00\", \"deleted_at\": null, \"total_sold\": 0, \"retail_price\": \"50.00\", \"stock_quantity\": 1, \"wholesale_price\": null}','2025-10-13 15:44:45',5,'Product deleted by user',1),(32,'customer','38','{\"id\": 38, \"name\": \"Database Test Customer\", \"type\": \"long-term\", \"email\": \"dbtest@example.com\", \"phone\": \"1234567890\", \"address\": \"Test Address\", \"balance\": \"0.00\", \"contact\": null, \"brand_name\": \"\", \"created_at\": \"2025-10-13T10:35:36.000Z\", \"deleted_at\": null, \"credit_limit\": null, \"closing_balance\": \"0.00\", \"opening_balance\": \"0.00\", \"opening_balance_type\": \"debit\"}','2025-10-13 15:44:46',5,'Customer deleted by user',1),(33,'customer','37','{\"id\": 37, \"name\": \"Database Test Customer\", \"type\": \"long-term\", \"email\": \"dbtest@example.com\", \"phone\": \"1234567890\", \"address\": \"Test Address\", \"balance\": \"0.00\", \"contact\": null, \"brand_name\": \"\", \"created_at\": \"2025-10-13T10:26:20.000Z\", \"deleted_at\": null, \"credit_limit\": null, \"closing_balance\": \"0.00\", \"opening_balance\": \"0.00\", \"opening_balance_type\": \"debit\"}','2025-10-13 15:44:46',5,'Customer deleted by user',1),(34,'customer','36','{\"id\": 36, \"name\": \"Database Test Customer\", \"type\": \"long-term\", \"email\": \"dbtest@example.com\", \"phone\": \"1234567890\", \"address\": \"Test Address\", \"balance\": \"0.00\", \"contact\": null, \"brand_name\": \"\", \"created_at\": \"2025-10-13T10:15:13.000Z\", \"deleted_at\": null, \"credit_limit\": null, \"closing_balance\": \"0.00\", \"opening_balance\": \"0.00\", \"opening_balance_type\": \"debit\"}','2025-10-13 15:44:46',5,'Customer deleted by user',1),(35,'customer','35','{\"id\": 35, \"name\": \"Database Test Customer\", \"type\": \"long-term\", \"email\": \"dbtest@example.com\", \"phone\": \"1234567890\", \"address\": \"Test Address\", \"balance\": \"0.00\", \"contact\": null, \"brand_name\": \"\", \"created_at\": \"2025-10-13T10:15:08.000Z\", \"deleted_at\": null, \"credit_limit\": null, \"closing_balance\": \"0.00\", \"opening_balance\": \"0.00\", \"opening_balance_type\": \"debit\"}','2025-10-13 15:44:46',5,'Customer deleted by user',1),(36,'customer','31','{\"id\": 31, \"name\": \"Database Test Customer\", \"type\": \"long-term\", \"email\": \"dbtest@example.com\", \"phone\": \"1234567890\", \"address\": \"Test Address\", \"balance\": \"0.00\", \"contact\": null, \"brand_name\": \"\", \"created_at\": \"2025-10-12T14:58:58.000Z\", \"deleted_at\": null, \"credit_limit\": null, \"closing_balance\": \"0.00\", \"opening_balance\": \"0.00\", \"opening_balance_type\": \"debit\"}','2025-10-13 15:44:46',5,'Customer deleted by user',1),(37,'product','test_db_product_285552','{\"id\": \"test_db_product_285552\", \"uom\": \"pcs\", \"name\": \"Database Test Product\", \"brand\": null, \"category\": null, \"location\": null, \"supplier\": null, \"design_no\": null, \"cost_price\": \"79.99\", \"deleted_at\": null, \"total_sold\": 0, \"retail_price\": \"99.99\", \"stock_quantity\": 50, \"wholesale_price\": null}','2025-10-13 15:44:46',5,'Product deleted by user',1),(38,'customer','39','{\"id\": 39, \"name\": \"Database Test Customer\", \"type\": \"long-term\", \"email\": \"dbtest@example.com\", \"phone\": \"1234567890\", \"address\": \"Test Address\", \"balance\": \"0.00\", \"contact\": null, \"brand_name\": \"\", \"created_at\": \"2025-10-13T10:44:46.000Z\", \"deleted_at\": null, \"credit_limit\": null, \"closing_balance\": \"0.00\", \"opening_balance\": \"0.00\", \"opening_balance_type\": \"debit\"}','2025-10-13 15:44:46',5,'Customer deleted by user',1),(39,'product','test_low_stock_285552','{\"id\": \"test_low_stock_285552\", \"uom\": \"pcs\", \"name\": \"Low Stock Test Product\", \"brand\": null, \"category\": null, \"location\": null, \"supplier\": null, \"design_no\": null, \"cost_price\": \"40.00\", \"deleted_at\": null, \"total_sold\": 0, \"retail_price\": \"50.00\", \"stock_quantity\": 1, \"wholesale_price\": null}','2025-10-13 15:44:47',5,'Product deleted by user',1),(40,'product','test_db_product_417963','{\"id\": \"test_db_product_417963\", \"uom\": \"pcs\", \"name\": \"Database Test Product\", \"brand\": null, \"category\": null, \"location\": null, \"supplier\": null, \"design_no\": null, \"cost_price\": \"79.99\", \"deleted_at\": null, \"total_sold\": 0, \"retail_price\": \"99.99\", \"stock_quantity\": 50, \"wholesale_price\": null}','2025-10-13 15:46:58',5,'Product deleted by user',1),(41,'customer','40','{\"id\": 40, \"name\": \"Database Test Customer\", \"type\": \"long-term\", \"email\": \"dbtest@example.com\", \"phone\": \"1234567890\", \"address\": \"Test Address\", \"balance\": \"0.00\", \"contact\": null, \"brand_name\": \"\", \"created_at\": \"2025-10-13T10:46:58.000Z\", \"deleted_at\": null, \"credit_limit\": null, \"closing_balance\": \"0.00\", \"opening_balance\": \"0.00\", \"opening_balance_type\": \"debit\"}','2025-10-13 15:46:59',5,'Customer deleted by user',1),(42,'product','test_low_stock_417963','{\"id\": \"test_low_stock_417963\", \"uom\": \"pcs\", \"name\": \"Low Stock Test Product\", \"brand\": null, \"category\": null, \"location\": null, \"supplier\": null, \"design_no\": null, \"cost_price\": \"40.00\", \"deleted_at\": null, \"total_sold\": 0, \"retail_price\": \"50.00\", \"stock_quantity\": 1, \"wholesale_price\": null}','2025-10-13 15:46:59',5,'Product deleted by user',1),(43,'customer','41','{\"id\": 41, \"name\": \"Database Test Customer\", \"type\": \"long-term\", \"email\": \"dbtest@example.com\", \"phone\": \"1234567890\", \"address\": \"Test Address\", \"balance\": \"0.00\", \"contact\": null, \"brand_name\": \"\", \"created_at\": \"2025-10-13T10:48:15.000Z\", \"deleted_at\": null, \"credit_limit\": null, \"closing_balance\": \"0.00\", \"opening_balance\": \"0.00\", \"opening_balance_type\": \"debit\"}','2025-10-13 15:55:59',5,'Customer deleted by user',1),(44,'product','T8776','{\"id\": \"T8776\", \"uom\": \"pcs\", \"name\": \"Database Test Product\", \"brand\": null, \"category\": null, \"location\": null, \"supplier\": null, \"design_no\": null, \"cost_price\": \"79.99\", \"deleted_at\": null, \"total_sold\": 2, \"retail_price\": \"99.99\", \"stock_quantity\": 48, \"wholesale_price\": null}','2025-10-13 15:56:01',5,'Product deleted by user',1),(45,'customer','44','{\"id\": 44, \"name\": \"Database Test Customer\", \"type\": \"long-term\", \"email\": \"dbtest@example.com\", \"phone\": \"1234567890\", \"address\": \"Test Address\", \"balance\": \"0.00\", \"contact\": null, \"brand_name\": \"\", \"created_at\": \"2025-10-13T10:56:01.000Z\", \"deleted_at\": null, \"credit_limit\": null, \"closing_balance\": \"0.00\", \"opening_balance\": \"0.00\", \"opening_balance_type\": \"debit\"}','2025-10-13 15:56:01',5,'Customer deleted by user',1),(46,'product','L8776','{\"id\": \"L8776\", \"uom\": \"pcs\", \"name\": \"Low Stock Test Product\", \"brand\": null, \"category\": null, \"location\": null, \"supplier\": null, \"design_no\": null, \"cost_price\": \"40.00\", \"deleted_at\": null, \"total_sold\": 0, \"retail_price\": \"50.00\", \"stock_quantity\": 1, \"wholesale_price\": null}','2025-10-13 15:56:02',5,'Product deleted by user',1),(47,'user','28','{\"id\": 28, \"role\": \"cashier\", \"email\": \"test@example.com\", \"active\": 1, \"password\": \"$2b$10$nrq/ZYmf7L5XJgsWSmp3QOGEjy2AwmpFV.FM1F1gIG3f7Awql9KSS\", \"username\": \"testuser1760358490188\", \"full_name\": \"Test User\", \"created_at\": \"2025-10-13T12:28:10.000Z\", \"deleted_at\": null, \"last_login\": null, \"last_login_attempt\": null, \"password_changed_at\": null, \"failed_login_attempts\": 0}','2025-10-13 18:25:29',5,'User deleted by owner',1),(48,'user','27','{\"id\": 27, \"role\": \"cashier\", \"email\": \"ulabideen436@gmail.com\", \"active\": 1, \"password\": \"$2b$10$SSOrLtJvKE7.mJ1rD4Bus.nWpo/VbeBS8nO6swL0fKWa2DEpxfWjG\", \"username\": \"Zain\", \"full_name\": \"Zain Ul Abideen\", \"created_at\": \"2025-10-13T12:25:56.000Z\", \"deleted_at\": null, \"last_login\": \"2025-10-13T13:06:02.000Z\", \"last_login_attempt\": \"2025-10-13T13:06:02.000Z\", \"password_changed_at\": null, \"failed_login_attempts\": 0}','2025-10-13 18:25:33',5,'User deleted by owner',1),(49,'product','TEST_1760429795691','{\"id\": \"TEST_1760429795691\", \"uom\": \"pcs\", \"name\": \"Updated Test Product 1760429795691\", \"brand\": \"Test Brand\", \"category\": null, \"location\": \"Test Location\", \"supplier\": \"Test Supplier\", \"design_no\": \"TD1760429795691\", \"cost_price\": \"60.00\", \"deleted_at\": null, \"total_sold\": 0, \"retail_price\": \"120.00\", \"stock_quantity\": 50, \"wholesale_price\": \"80.00\"}','2025-10-14 13:16:35',26,'Product deleted by user',1),(50,'customer','50','{\"id\": 50, \"name\": \"Updated Test Customer 1760429795808\", \"type\": \"long-term\", \"email\": \"\", \"phone\": \"1234565808\", \"address\": \"Test Address\", \"balance\": \"0.00\", \"contact\": null, \"brand_name\": \"Test Brand\", \"created_at\": \"2025-10-14T08:16:35.000Z\", \"deleted_at\": null, \"credit_limit\": \"7500.00\", \"closing_balance\": \"0.00\", \"opening_balance\": \"0.00\", \"opening_balance_type\": \"debit\"}','2025-10-14 13:16:35',26,'Customer deleted by user',1),(51,'product','STEST_1760429795944','{\"id\": \"STEST_1760429795944\", \"uom\": \"pcs\", \"name\": \"Sale Test Product 1760429795944\", \"brand\": \"Test Brand\", \"category\": null, \"location\": null, \"supplier\": null, \"design_no\": null, \"cost_price\": \"90.00\", \"deleted_at\": null, \"total_sold\": 0, \"retail_price\": \"150.00\", \"stock_quantity\": 100, \"wholesale_price\": \"120.00\"}','2025-10-14 13:16:36',26,'Product deleted by user',1),(52,'customer','51','{\"id\": 51, \"name\": \"Sale Test Customer 1760429795944\", \"type\": \"long-term\", \"email\": \"\", \"phone\": \"9876545944\", \"address\": \"\", \"balance\": \"0.00\", \"contact\": null, \"brand_name\": \"\", \"created_at\": \"2025-10-14T08:16:35.000Z\", \"deleted_at\": null, \"credit_limit\": null, \"closing_balance\": \"0.00\", \"opening_balance\": \"0.00\", \"opening_balance_type\": \"debit\"}','2025-10-14 13:16:36',26,'Customer deleted by user',1),(53,'product','SALETEST_1760429841313','{\"id\": \"SALETEST_1760429841313\", \"uom\": \"pcs\", \"name\": \"Sale Test Product 1760429841313\", \"brand\": \"Test Brand\", \"category\": null, \"location\": null, \"supplier\": null, \"design_no\": null, \"cost_price\": \"90.00\", \"deleted_at\": null, \"total_sold\": 0, \"retail_price\": \"150.00\", \"stock_quantity\": 100, \"wholesale_price\": \"120.00\"}','2025-10-14 13:17:21',26,'Product deleted by user',1),(54,'customer','53','{\"id\": 53, \"name\": \"Sale Test Customer 1760429841313\", \"type\": \"long-term\", \"email\": \"\", \"phone\": \"9876541313\", \"address\": \"\", \"balance\": \"0.00\", \"contact\": null, \"brand_name\": \"\", \"created_at\": \"2025-10-14T08:17:21.000Z\", \"deleted_at\": null, \"credit_limit\": null, \"closing_balance\": \"0.00\", \"opening_balance\": \"0.00\", \"opening_balance_type\": \"debit\"}','2025-10-14 13:17:21',26,'Customer deleted by user',1),(55,'product','TEST_1760429902668','{\"id\": \"TEST_1760429902668\", \"uom\": \"pcs\", \"name\": \"Updated Test Product 1760429902668\", \"brand\": \"Test Brand\", \"category\": null, \"location\": \"Test Location\", \"supplier\": \"Test Supplier\", \"design_no\": \"TD1760429902668\", \"cost_price\": \"60.00\", \"deleted_at\": null, \"total_sold\": 0, \"retail_price\": \"120.00\", \"stock_quantity\": 50, \"wholesale_price\": \"80.00\"}','2025-10-14 13:18:22',26,'Product deleted by user',1),(56,'customer','55','{\"id\": 55, \"name\": \"Updated Test Customer 1760429902807\", \"type\": \"long-term\", \"email\": \"\", \"phone\": \"1234562807\", \"address\": \"Test Address\", \"balance\": \"0.00\", \"contact\": null, \"brand_name\": \"Test Brand\", \"created_at\": \"2025-10-14T08:18:22.000Z\", \"deleted_at\": null, \"credit_limit\": \"7500.00\", \"closing_balance\": \"0.00\", \"opening_balance\": \"0.00\", \"opening_balance_type\": \"debit\"}','2025-10-14 13:18:22',26,'Customer deleted by user',1),(57,'product','TEST_1760429948675','{\"id\": \"TEST_1760429948675\", \"uom\": \"pcs\", \"name\": \"Updated Test Product 1760429948675\", \"brand\": \"Test Brand\", \"category\": null, \"location\": \"Test Location\", \"supplier\": \"Test Supplier\", \"design_no\": \"TD1760429948675\", \"cost_price\": \"60.00\", \"deleted_at\": null, \"total_sold\": 0, \"retail_price\": \"120.00\", \"stock_quantity\": 50, \"wholesale_price\": \"80.00\"}','2025-10-14 13:19:08',26,'Product deleted by user',1),(58,'customer','58','{\"id\": 58, \"name\": \"Updated Test Customer 1760429948805\", \"type\": \"long-term\", \"email\": \"\", \"phone\": \"1234568805\", \"address\": \"Test Address\", \"balance\": \"0.00\", \"contact\": null, \"brand_name\": \"Test Brand\", \"created_at\": \"2025-10-14T08:19:08.000Z\", \"deleted_at\": null, \"credit_limit\": \"7500.00\", \"closing_balance\": \"0.00\", \"opening_balance\": \"0.00\", \"opening_balance_type\": \"debit\"}','2025-10-14 13:19:08',26,'Customer deleted by user',1),(59,'product','STEST_1760429948929','{\"id\": \"STEST_1760429948929\", \"uom\": \"pcs\", \"name\": \"Sale Test Product 1760429948929\", \"brand\": \"Test Brand\", \"category\": null, \"location\": null, \"supplier\": null, \"design_no\": null, \"cost_price\": \"90.00\", \"deleted_at\": null, \"total_sold\": 2, \"retail_price\": \"150.00\", \"stock_quantity\": 98, \"wholesale_price\": \"120.00\"}','2025-10-14 13:19:09',26,'Product deleted by user',1),(60,'customer','59','{\"id\": 59, \"name\": \"Sale Test Customer 1760429948929\", \"type\": \"long-term\", \"email\": \"\", \"phone\": \"9876548929\", \"address\": \"\", \"balance\": \"0.00\", \"contact\": null, \"brand_name\": \"\", \"created_at\": \"2025-10-14T08:19:08.000Z\", \"deleted_at\": null, \"credit_limit\": null, \"closing_balance\": \"0.00\", \"opening_balance\": \"0.00\", \"opening_balance_type\": \"debit\"}','2025-10-14 13:19:09',26,'Customer deleted by user',1),(61,'product','TEST_1760430055013','{\"id\": \"TEST_1760430055013\", \"uom\": \"pcs\", \"name\": \"Updated Test Product 1760430055013\", \"brand\": \"Test Brand\", \"category\": null, \"location\": \"Test Location\", \"supplier\": \"Test Supplier\", \"design_no\": \"TD1760430055013\", \"cost_price\": \"60.00\", \"deleted_at\": null, \"total_sold\": 0, \"retail_price\": \"120.00\", \"stock_quantity\": 50, \"wholesale_price\": \"80.00\"}','2025-10-14 13:20:55',26,'Product deleted by user',1),(62,'customer','61','{\"id\": 61, \"name\": \"Updated Test Customer 1760430055135\", \"type\": \"long-term\", \"email\": \"\", \"phone\": \"1234565135\", \"address\": \"Test Address\", \"balance\": \"0.00\", \"contact\": null, \"brand_name\": \"Test Brand\", \"created_at\": \"2025-10-14T08:20:55.000Z\", \"deleted_at\": null, \"credit_limit\": \"7500.00\", \"closing_balance\": \"0.00\", \"opening_balance\": \"0.00\", \"opening_balance_type\": \"debit\"}','2025-10-14 13:20:55',26,'Customer deleted by user',1),(63,'product','STEST_1760430055262','{\"id\": \"STEST_1760430055262\", \"uom\": \"pcs\", \"name\": \"Sale Test Product 1760430055262\", \"brand\": \"Test Brand\", \"category\": null, \"location\": null, \"supplier\": null, \"design_no\": null, \"cost_price\": \"90.00\", \"deleted_at\": null, \"total_sold\": 2, \"retail_price\": \"150.00\", \"stock_quantity\": 98, \"wholesale_price\": \"120.00\"}','2025-10-14 13:20:55',26,'Product deleted by user',1),(64,'customer','62','{\"id\": 62, \"name\": \"Sale Test Customer 1760430055262\", \"type\": \"long-term\", \"email\": \"\", \"phone\": \"9876545262\", \"address\": \"\", \"balance\": \"0.00\", \"contact\": null, \"brand_name\": \"\", \"created_at\": \"2025-10-14T08:20:55.000Z\", \"deleted_at\": null, \"credit_limit\": null, \"closing_balance\": \"0.00\", \"opening_balance\": \"0.00\", \"opening_balance_type\": \"debit\"}','2025-10-14 13:20:55',26,'Customer deleted by user',1),(65,'customer','64','{\"id\": 64, \"name\": \"\", \"type\": \"long-term\", \"email\": \"\", \"phone\": \"invalid-phone\", \"address\": \"\", \"balance\": \"0.00\", \"contact\": null, \"brand_name\": \"\", \"created_at\": \"2025-10-14T08:23:34.000Z\", \"deleted_at\": null, \"credit_limit\": null, \"closing_balance\": \"0.00\", \"opening_balance\": \"0.00\", \"opening_balance_type\": \"debit\"}','2025-10-14 13:23:34',26,'Customer deleted by user',1),(66,'customer','65','{\"id\": 65, \"name\": \"Test Customer\", \"type\": \"long-term\", \"email\": \"\", \"phone\": \"\", \"address\": \"\", \"balance\": \"0.00\", \"contact\": null, \"brand_name\": \"\", \"created_at\": \"2025-10-14T08:23:34.000Z\", \"deleted_at\": null, \"credit_limit\": null, \"closing_balance\": \"0.00\", \"opening_balance\": \"0.00\", \"opening_balance_type\": \"debit\"}','2025-10-14 13:23:34',26,'Customer deleted by user',1),(67,'customer','66','{\"id\": 66, \"name\": \"\", \"type\": \"long-term\", \"email\": \"\", \"phone\": \"1234567890\", \"address\": \"\", \"balance\": \"0.00\", \"contact\": null, \"brand_name\": \"\", \"created_at\": \"2025-10-14T08:23:34.000Z\", \"deleted_at\": null, \"credit_limit\": null, \"closing_balance\": \"0.00\", \"opening_balance\": \"0.00\", \"opening_balance_type\": \"debit\"}','2025-10-14 13:23:35',26,'Customer deleted by user',1),(68,'customer','67','{\"id\": 67, \"name\": \"Test Customer\", \"type\": \"long-term\", \"email\": \"\", \"phone\": \"\", \"address\": \"\", \"balance\": \"0.00\", \"contact\": null, \"brand_name\": \"\", \"created_at\": \"2025-10-14T08:23:35.000Z\", \"deleted_at\": null, \"credit_limit\": null, \"closing_balance\": \"0.00\", \"opening_balance\": \"0.00\", \"opening_balance_type\": \"debit\"}','2025-10-14 13:23:35',26,'Customer deleted by user',1),(69,'product','TEST_1760430232294','{\"id\": \"TEST_1760430232294\", \"uom\": \"pcs\", \"name\": \"Updated Test Product 1760430232294\", \"brand\": \"Test Brand\", \"category\": null, \"location\": \"Test Location\", \"supplier\": \"Test Supplier\", \"design_no\": \"TD1760430232294\", \"cost_price\": \"60.00\", \"deleted_at\": null, \"total_sold\": 0, \"retail_price\": \"120.00\", \"stock_quantity\": 50, \"wholesale_price\": \"80.00\"}','2025-10-14 13:23:52',26,'Product deleted by user',1),(70,'customer','68','{\"id\": 68, \"name\": \"Updated Test Customer 1760430232416\", \"type\": \"long-term\", \"email\": \"\", \"phone\": \"1234562416\", \"address\": \"Test Address\", \"balance\": \"0.00\", \"contact\": null, \"brand_name\": \"Test Brand\", \"created_at\": \"2025-10-14T08:23:52.000Z\", \"deleted_at\": null, \"credit_limit\": \"7500.00\", \"closing_balance\": \"0.00\", \"opening_balance\": \"0.00\", \"opening_balance_type\": \"debit\"}','2025-10-14 13:23:52',26,'Customer deleted by user',1),(71,'product','STEST_1760430232537','{\"id\": \"STEST_1760430232537\", \"uom\": \"pcs\", \"name\": \"Sale Test Product 1760430232537\", \"brand\": \"Test Brand\", \"category\": null, \"location\": null, \"supplier\": null, \"design_no\": null, \"cost_price\": \"90.00\", \"deleted_at\": null, \"total_sold\": 2, \"retail_price\": \"150.00\", \"stock_quantity\": 98, \"wholesale_price\": \"120.00\"}','2025-10-14 13:23:52',26,'Product deleted by user',1),(72,'customer','69','{\"id\": 69, \"name\": \"Sale Test Customer 1760430232537\", \"type\": \"long-term\", \"email\": \"\", \"phone\": \"9876542537\", \"address\": \"\", \"balance\": \"0.00\", \"contact\": null, \"brand_name\": \"\", \"created_at\": \"2025-10-14T08:23:52.000Z\", \"deleted_at\": null, \"credit_limit\": null, \"closing_balance\": \"0.00\", \"opening_balance\": \"0.00\", \"opening_balance_type\": \"debit\"}','2025-10-14 13:23:52',26,'Customer deleted by user',1),(73,'product','HIST_1760430232866','{\"id\": \"HIST_1760430232866\", \"uom\": \"pcs\", \"name\": \"Historical Test Product 1760430232866\", \"brand\": \"Test Brand\", \"category\": null, \"location\": null, \"supplier\": null, \"design_no\": null, \"cost_price\": \"60.00\", \"deleted_at\": null, \"total_sold\": 1, \"retail_price\": \"150.00\", \"stock_quantity\": 50, \"wholesale_price\": \"80.00\"}','2025-10-14 13:23:53',26,'Product deleted by user',1),(74,'customer','70','{\"id\": 70, \"name\": \"Historical Test Customer 1760430232866\", \"type\": \"long-term\", \"email\": \"\", \"phone\": \"1111112866\", \"address\": \"\", \"balance\": \"0.00\", \"contact\": null, \"brand_name\": \"\", \"created_at\": \"2025-10-14T08:23:52.000Z\", \"deleted_at\": null, \"credit_limit\": null, \"closing_balance\": \"0.00\", \"opening_balance\": \"0.00\", \"opening_balance_type\": \"debit\"}','2025-10-14 13:23:53',26,'Customer deleted by user',1),(75,'product','TEST_1760430260985','{\"id\": \"TEST_1760430260985\", \"uom\": \"pcs\", \"name\": \"Updated Test Product 1760430260985\", \"brand\": \"Test Brand\", \"category\": null, \"location\": \"Test Location\", \"supplier\": \"Test Supplier\", \"design_no\": \"TD1760430260985\", \"cost_price\": \"60.00\", \"deleted_at\": null, \"total_sold\": 0, \"retail_price\": \"120.00\", \"stock_quantity\": 50, \"wholesale_price\": \"80.00\"}','2025-10-14 13:24:21',26,'Product deleted by user',1),(76,'customer','72','{\"id\": 72, \"name\": \"Updated Test Customer 1760430261111\", \"type\": \"long-term\", \"email\": \"\", \"phone\": \"1234561111\", \"address\": \"Test Address\", \"balance\": \"0.00\", \"contact\": null, \"brand_name\": \"Test Brand\", \"created_at\": \"2025-10-14T08:24:21.000Z\", \"deleted_at\": null, \"credit_limit\": \"7500.00\", \"closing_balance\": \"0.00\", \"opening_balance\": \"0.00\", \"opening_balance_type\": \"debit\"}','2025-10-14 13:24:21',26,'Customer deleted by user',1),(77,'product','STEST_1760430261225','{\"id\": \"STEST_1760430261225\", \"uom\": \"pcs\", \"name\": \"Sale Test Product 1760430261225\", \"brand\": \"Test Brand\", \"category\": null, \"location\": null, \"supplier\": null, \"design_no\": null, \"cost_price\": \"90.00\", \"deleted_at\": null, \"total_sold\": 2, \"retail_price\": \"150.00\", \"stock_quantity\": 98, \"wholesale_price\": \"120.00\"}','2025-10-14 13:24:21',26,'Product deleted by user',1),(78,'customer','73','{\"id\": 73, \"name\": \"Sale Test Customer 1760430261225\", \"type\": \"long-term\", \"email\": \"\", \"phone\": \"9876541225\", \"address\": \"\", \"balance\": \"0.00\", \"contact\": null, \"brand_name\": \"\", \"created_at\": \"2025-10-14T08:24:21.000Z\", \"deleted_at\": null, \"credit_limit\": null, \"closing_balance\": \"0.00\", \"opening_balance\": \"0.00\", \"opening_balance_type\": \"debit\"}','2025-10-14 13:24:21',26,'Customer deleted by user',1),(79,'product','HIST_1760430261527','{\"id\": \"HIST_1760430261527\", \"uom\": \"pcs\", \"name\": \"Historical Test Product 1760430261527\", \"brand\": \"Test Brand\", \"category\": null, \"location\": null, \"supplier\": null, \"design_no\": null, \"cost_price\": \"60.00\", \"deleted_at\": null, \"total_sold\": 1, \"retail_price\": \"150.00\", \"stock_quantity\": 50, \"wholesale_price\": \"80.00\"}','2025-10-14 13:24:21',26,'Product deleted by user',1),(80,'customer','74','{\"id\": 74, \"name\": \"Historical Test Customer 1760430261527\", \"type\": \"long-term\", \"email\": \"\", \"phone\": \"1111111527\", \"address\": \"\", \"balance\": \"0.00\", \"contact\": null, \"brand_name\": \"\", \"created_at\": \"2025-10-14T08:24:21.000Z\", \"deleted_at\": null, \"credit_limit\": null, \"closing_balance\": \"0.00\", \"opening_balance\": \"0.00\", \"opening_balance_type\": \"debit\"}','2025-10-14 13:24:21',26,'Customer deleted by user',1),(81,'customer','76','{\"id\": 76, \"name\": \"\", \"type\": \"long-term\", \"email\": \"\", \"phone\": \"invalid-phone\", \"address\": \"\", \"balance\": \"0.00\", \"contact\": null, \"brand_name\": \"\", \"created_at\": \"2025-10-14T08:25:06.000Z\", \"deleted_at\": null, \"credit_limit\": null, \"closing_balance\": \"0.00\", \"opening_balance\": \"0.00\", \"opening_balance_type\": \"debit\"}','2025-10-14 13:25:06',26,'Customer deleted by user',1),(82,'customer','77','{\"id\": 77, \"name\": \"Test Customer\", \"type\": \"long-term\", \"email\": \"\", \"phone\": \"\", \"address\": \"\", \"balance\": \"0.00\", \"contact\": null, \"brand_name\": \"\", \"created_at\": \"2025-10-14T08:25:06.000Z\", \"deleted_at\": null, \"credit_limit\": null, \"closing_balance\": \"0.00\", \"opening_balance\": \"0.00\", \"opening_balance_type\": \"debit\"}','2025-10-14 13:25:06',26,'Customer deleted by user',1),(83,'customer','78','{\"id\": 78, \"name\": \"\", \"type\": \"long-term\", \"email\": \"\", \"phone\": \"1234567890\", \"address\": \"\", \"balance\": \"0.00\", \"contact\": null, \"brand_name\": \"\", \"created_at\": \"2025-10-14T08:25:06.000Z\", \"deleted_at\": null, \"credit_limit\": null, \"closing_balance\": \"0.00\", \"opening_balance\": \"0.00\", \"opening_balance_type\": \"debit\"}','2025-10-14 13:25:06',26,'Customer deleted by user',1),(84,'customer','79','{\"id\": 79, \"name\": \"Test Customer\", \"type\": \"long-term\", \"email\": \"\", \"phone\": \"\", \"address\": \"\", \"balance\": \"0.00\", \"contact\": null, \"brand_name\": \"\", \"created_at\": \"2025-10-14T08:25:06.000Z\", \"deleted_at\": null, \"credit_limit\": null, \"closing_balance\": \"0.00\", \"opening_balance\": \"0.00\", \"opening_balance_type\": \"debit\"}','2025-10-14 13:25:06',26,'Customer deleted by user',1),(85,'product','TEST_1760430447096','{\"id\": \"TEST_1760430447096\", \"uom\": \"pcs\", \"name\": \"Updated Test Product 1760430447096\", \"brand\": \"Test Brand\", \"category\": null, \"location\": \"Test Location\", \"supplier\": \"Test Supplier\", \"design_no\": \"TD1760430447096\", \"cost_price\": \"60.00\", \"deleted_at\": null, \"total_sold\": 0, \"retail_price\": \"120.00\", \"stock_quantity\": 50, \"wholesale_price\": \"80.00\"}','2025-10-14 13:27:27',26,'Product deleted by user',1),(86,'customer','80','{\"id\": 80, \"name\": \"Updated Test Customer 1760430447214\", \"type\": \"long-term\", \"email\": \"\", \"phone\": \"1234567214\", \"address\": \"Test Address\", \"balance\": \"0.00\", \"contact\": null, \"brand_name\": \"Test Brand\", \"created_at\": \"2025-10-14T08:27:27.000Z\", \"deleted_at\": null, \"credit_limit\": \"7500.00\", \"closing_balance\": \"0.00\", \"opening_balance\": \"0.00\", \"opening_balance_type\": \"debit\"}','2025-10-14 13:27:27',26,'Customer deleted by user',1),(87,'product','STEST_1760430447339','{\"id\": \"STEST_1760430447339\", \"uom\": \"pcs\", \"name\": \"Sale Test Product 1760430447339\", \"brand\": \"Test Brand\", \"category\": null, \"location\": null, \"supplier\": null, \"design_no\": null, \"cost_price\": \"90.00\", \"deleted_at\": null, \"total_sold\": 2, \"retail_price\": \"150.00\", \"stock_quantity\": 98, \"wholesale_price\": \"120.00\"}','2025-10-14 13:27:27',26,'Product deleted by user',1),(88,'customer','81','{\"id\": 81, \"name\": \"Sale Test Customer 1760430447339\", \"type\": \"long-term\", \"email\": \"\", \"phone\": \"9876547339\", \"address\": \"\", \"balance\": \"0.00\", \"contact\": null, \"brand_name\": \"\", \"created_at\": \"2025-10-14T08:27:27.000Z\", \"deleted_at\": null, \"credit_limit\": null, \"closing_balance\": \"0.00\", \"opening_balance\": \"0.00\", \"opening_balance_type\": \"debit\"}','2025-10-14 13:27:27',26,'Customer deleted by user',1),(89,'product','HIST_1760430447668','{\"id\": \"HIST_1760430447668\", \"uom\": \"pcs\", \"name\": \"Historical Test Product 1760430447668\", \"brand\": \"Test Brand\", \"category\": null, \"location\": null, \"supplier\": null, \"design_no\": null, \"cost_price\": \"60.00\", \"deleted_at\": null, \"total_sold\": 1, \"retail_price\": \"150.00\", \"stock_quantity\": 50, \"wholesale_price\": \"80.00\"}','2025-10-14 13:27:27',26,'Product deleted by user',1),(90,'customer','82','{\"id\": 82, \"name\": \"Historical Test Customer 1760430447668\", \"type\": \"long-term\", \"email\": \"\", \"phone\": \"1111117668\", \"address\": \"\", \"balance\": \"0.00\", \"contact\": null, \"brand_name\": \"\", \"created_at\": \"2025-10-14T08:27:27.000Z\", \"deleted_at\": null, \"credit_limit\": null, \"closing_balance\": \"0.00\", \"opening_balance\": \"0.00\", \"opening_balance_type\": \"debit\"}','2025-10-14 13:27:27',26,'Customer deleted by user',1),(91,'product','XSS_TEST_1760433351947','{\"id\": \"XSS_TEST_1760433351947\", \"uom\": \"pcs\", \"name\": \"<script>alert(\'XSS\')</script>\", \"brand\": \"<script>alert(\'XSS\')</script>\", \"category\": null, \"location\": null, \"supplier\": null, \"design_no\": null, \"cost_price\": \"60.00\", \"deleted_at\": null, \"total_sold\": 0, \"retail_price\": \"100.00\", \"stock_quantity\": 10, \"wholesale_price\": \"80.00\"}','2025-10-14 14:15:52',26,'Product deleted by user',1),(92,'product','XSS_TEST_1760433352045','{\"id\": \"XSS_TEST_1760433352045\", \"uom\": \"pcs\", \"name\": \"<img src=x onerror=alert(\'XSS\')>\", \"brand\": \"<img src=x onerror=alert(\'XSS\')>\", \"category\": null, \"location\": null, \"supplier\": null, \"design_no\": null, \"cost_price\": \"60.00\", \"deleted_at\": null, \"total_sold\": 0, \"retail_price\": \"100.00\", \"stock_quantity\": 10, \"wholesale_price\": \"80.00\"}','2025-10-14 14:15:52',26,'Product deleted by user',1),(93,'product','XSS_TEST_1760433352137','{\"id\": \"XSS_TEST_1760433352137\", \"uom\": \"pcs\", \"name\": \"javascript:alert(\'XSS\')\", \"brand\": \"javascript:alert(\'XSS\')\", \"category\": null, \"location\": null, \"supplier\": null, \"design_no\": null, \"cost_price\": \"60.00\", \"deleted_at\": null, \"total_sold\": 0, \"retail_price\": \"100.00\", \"stock_quantity\": 10, \"wholesale_price\": \"80.00\"}','2025-10-14 14:15:52',26,'Product deleted by user',1),(94,'product','XSS_TEST_1760433352232','{\"id\": \"XSS_TEST_1760433352232\", \"uom\": \"pcs\", \"name\": \"<svg onload=alert(\'XSS\')>\", \"brand\": \"<svg onload=alert(\'XSS\')>\", \"category\": null, \"location\": null, \"supplier\": null, \"design_no\": null, \"cost_price\": \"60.00\", \"deleted_at\": null, \"total_sold\": 0, \"retail_price\": \"100.00\", \"stock_quantity\": 10, \"wholesale_price\": \"80.00\"}','2025-10-14 14:15:52',26,'Product deleted by user',1),(95,'product','XSS_TEST_1760433352327','{\"id\": \"XSS_TEST_1760433352327\", \"uom\": \"pcs\", \"name\": \"\';alert(\'XSS\');//\", \"brand\": \"\';alert(\'XSS\');//\", \"category\": null, \"location\": null, \"supplier\": null, \"design_no\": null, \"cost_price\": \"60.00\", \"deleted_at\": null, \"total_sold\": 0, \"retail_price\": \"100.00\", \"stock_quantity\": 10, \"wholesale_price\": \"80.00\"}','2025-10-14 14:15:52',26,'Product deleted by user',1),(96,'product','XSS_TEST_1760433616989','{\"id\": \"XSS_TEST_1760433616989\", \"uom\": \"pcs\", \"name\": \"&lt;img src=x alert(&#x27;XSS&#x27;)&gt;\", \"brand\": \"&lt;img src=x alert(&#x27;XSS&#x27;)&gt;\", \"category\": null, \"location\": null, \"supplier\": null, \"design_no\": null, \"cost_price\": \"60.00\", \"deleted_at\": null, \"total_sold\": 0, \"retail_price\": \"100.00\", \"stock_quantity\": 10, \"wholesale_price\": \"80.00\"}','2025-10-14 14:20:17',26,'Product deleted by user',1),(97,'product','XSS_TEST_1760433617088','{\"id\": \"XSS_TEST_1760433617088\", \"uom\": \"pcs\", \"name\": \"alert(&#x27;XSS&#x27;)\", \"brand\": \"alert(&#x27;XSS&#x27;)\", \"category\": null, \"location\": null, \"supplier\": null, \"design_no\": null, \"cost_price\": \"60.00\", \"deleted_at\": null, \"total_sold\": 0, \"retail_price\": \"100.00\", \"stock_quantity\": 10, \"wholesale_price\": \"80.00\"}','2025-10-14 14:20:17',26,'Product deleted by user',1),(98,'product','XSS_TEST_1760433617186','{\"id\": \"XSS_TEST_1760433617186\", \"uom\": \"pcs\", \"name\": \"&lt;svg alert(&#x27;XSS&#x27;)&gt;\", \"brand\": \"&lt;svg alert(&#x27;XSS&#x27;)&gt;\", \"category\": null, \"location\": null, \"supplier\": null, \"design_no\": null, \"cost_price\": \"60.00\", \"deleted_at\": null, \"total_sold\": 0, \"retail_price\": \"100.00\", \"stock_quantity\": 10, \"wholesale_price\": \"80.00\"}','2025-10-14 14:20:17',26,'Product deleted by user',1),(99,'product','XSS_TEST_1760433617280','{\"id\": \"XSS_TEST_1760433617280\", \"uom\": \"pcs\", \"name\": \"&#x27;;alert(&#x27;XSS&#x27;);&#x2F;&#x2F;\", \"brand\": \"&#x27;;alert(&#x27;XSS&#x27;);&#x2F;&#x2F;\", \"category\": null, \"location\": null, \"supplier\": null, \"design_no\": null, \"cost_price\": \"60.00\", \"deleted_at\": null, \"total_sold\": 0, \"retail_price\": \"100.00\", \"stock_quantity\": 10, \"wholesale_price\": \"80.00\"}','2025-10-14 14:20:17',26,'Product deleted by user',1),(100,'product','XSS_TEST_1760433688046','{\"id\": \"XSS_TEST_1760433688046\", \"uom\": \"pcs\", \"name\": \"&lt;img src=x alert(&#x27;XSS&#x27;)&gt;\", \"brand\": \"&lt;img src=x alert(&#x27;XSS&#x27;)&gt;\", \"category\": null, \"location\": null, \"supplier\": null, \"design_no\": null, \"cost_price\": \"60.00\", \"deleted_at\": null, \"total_sold\": 0, \"retail_price\": \"100.00\", \"stock_quantity\": 10, \"wholesale_price\": \"80.00\"}','2025-10-14 14:21:28',26,'Product deleted by user',1),(101,'product','XSS_TEST_1760433688142','{\"id\": \"XSS_TEST_1760433688142\", \"uom\": \"pcs\", \"name\": \"alert(&#x27;XSS&#x27;)\", \"brand\": \"alert(&#x27;XSS&#x27;)\", \"category\": null, \"location\": null, \"supplier\": null, \"design_no\": null, \"cost_price\": \"60.00\", \"deleted_at\": null, \"total_sold\": 0, \"retail_price\": \"100.00\", \"stock_quantity\": 10, \"wholesale_price\": \"80.00\"}','2025-10-14 14:21:28',26,'Product deleted by user',1),(102,'product','XSS_TEST_1760433688232','{\"id\": \"XSS_TEST_1760433688232\", \"uom\": \"pcs\", \"name\": \"&lt;svg alert(&#x27;XSS&#x27;)&gt;\", \"brand\": \"&lt;svg alert(&#x27;XSS&#x27;)&gt;\", \"category\": null, \"location\": null, \"supplier\": null, \"design_no\": null, \"cost_price\": \"60.00\", \"deleted_at\": null, \"total_sold\": 0, \"retail_price\": \"100.00\", \"stock_quantity\": 10, \"wholesale_price\": \"80.00\"}','2025-10-14 14:21:28',26,'Product deleted by user',1),(103,'product','XSS_TEST_1760433688322','{\"id\": \"XSS_TEST_1760433688322\", \"uom\": \"pcs\", \"name\": \"&#x27;;alert(&#x27;XSS&#x27;);&#x2F;&#x2F;\", \"brand\": \"&#x27;;alert(&#x27;XSS&#x27;);&#x2F;&#x2F;\", \"category\": null, \"location\": null, \"supplier\": null, \"design_no\": null, \"cost_price\": \"60.00\", \"deleted_at\": null, \"total_sold\": 0, \"retail_price\": \"100.00\", \"stock_quantity\": 10, \"wholesale_price\": \"80.00\"}','2025-10-14 14:21:28',26,'Product deleted by user',1),(104,'product','TEST_1760434063295','{\"id\": \"TEST_1760434063295\", \"uom\": \"pcs\", \"name\": \"Updated Test Product 1760434063295\", \"brand\": \"Test Brand\", \"category\": null, \"location\": \"Test Location\", \"supplier\": \"Test Supplier\", \"design_no\": \"TD1760434063295\", \"cost_price\": \"60.00\", \"deleted_at\": null, \"total_sold\": 0, \"retail_price\": \"120.00\", \"stock_quantity\": 50, \"wholesale_price\": \"80.00\"}','2025-10-14 14:27:43',26,'Product deleted by user',1),(105,'customer','84','{\"id\": 84, \"name\": \"Updated Test Customer 1760434063472\", \"type\": \"long-term\", \"email\": \"\", \"phone\": \"1234563472\", \"address\": \"Test Address\", \"balance\": \"0.00\", \"contact\": null, \"brand_name\": \"Test Brand\", \"created_at\": \"2025-10-14T09:27:43.000Z\", \"deleted_at\": null, \"credit_limit\": \"7500.00\", \"closing_balance\": \"0.00\", \"opening_balance\": \"0.00\", \"opening_balance_type\": \"debit\"}','2025-10-14 14:27:43',26,'Customer deleted by user',1),(106,'product','STEST_1760434063684','{\"id\": \"STEST_1760434063684\", \"uom\": \"pcs\", \"name\": \"Sale Test Product 1760434063684\", \"brand\": \"Test Brand\", \"category\": null, \"location\": null, \"supplier\": null, \"design_no\": null, \"cost_price\": \"90.00\", \"deleted_at\": null, \"total_sold\": 2, \"retail_price\": \"150.00\", \"stock_quantity\": 98, \"wholesale_price\": \"120.00\"}','2025-10-14 14:27:44',26,'Product deleted by user',1),(107,'customer','85','{\"id\": 85, \"name\": \"Sale Test Customer 1760434063684\", \"type\": \"long-term\", \"email\": \"\", \"phone\": \"9876543684\", \"address\": \"\", \"balance\": \"0.00\", \"contact\": null, \"brand_name\": \"\", \"created_at\": \"2025-10-14T09:27:43.000Z\", \"deleted_at\": null, \"credit_limit\": null, \"closing_balance\": \"0.00\", \"opening_balance\": \"0.00\", \"opening_balance_type\": \"debit\"}','2025-10-14 14:27:44',26,'Customer deleted by user',1),(108,'product','HIST_1760434064129','{\"id\": \"HIST_1760434064129\", \"uom\": \"pcs\", \"name\": \"Historical Test Product 1760434064129\", \"brand\": \"Test Brand\", \"category\": null, \"location\": null, \"supplier\": null, \"design_no\": null, \"cost_price\": \"60.00\", \"deleted_at\": null, \"total_sold\": 1, \"retail_price\": \"150.00\", \"stock_quantity\": 50, \"wholesale_price\": \"80.00\"}','2025-10-14 14:27:44',26,'Product deleted by user',1),(109,'customer','86','{\"id\": 86, \"name\": \"Historical Test Customer 1760434064129\", \"type\": \"long-term\", \"email\": \"\", \"phone\": \"1111114129\", \"address\": \"\", \"balance\": \"0.00\", \"contact\": null, \"brand_name\": \"\", \"created_at\": \"2025-10-14T09:27:44.000Z\", \"deleted_at\": null, \"credit_limit\": null, \"closing_balance\": \"0.00\", \"opening_balance\": \"0.00\", \"opening_balance_type\": \"debit\"}','2025-10-14 14:27:44',26,'Customer deleted by user',1),(110,'product','XSS_TEST_1760434071004','{\"id\": \"XSS_TEST_1760434071004\", \"uom\": \"pcs\", \"name\": \"&lt;img src=x alert(&#x27;XSS&#x27;)&gt;\", \"brand\": \"&lt;img src=x alert(&#x27;XSS&#x27;)&gt;\", \"category\": null, \"location\": null, \"supplier\": null, \"design_no\": null, \"cost_price\": \"60.00\", \"deleted_at\": null, \"total_sold\": 0, \"retail_price\": \"100.00\", \"stock_quantity\": 10, \"wholesale_price\": \"80.00\"}','2025-10-14 14:27:51',26,'Product deleted by user',1),(111,'product','XSS_TEST_1760434071097','{\"id\": \"XSS_TEST_1760434071097\", \"uom\": \"pcs\", \"name\": \"alert(&#x27;XSS&#x27;)\", \"brand\": \"alert(&#x27;XSS&#x27;)\", \"category\": null, \"location\": null, \"supplier\": null, \"design_no\": null, \"cost_price\": \"60.00\", \"deleted_at\": null, \"total_sold\": 0, \"retail_price\": \"100.00\", \"stock_quantity\": 10, \"wholesale_price\": \"80.00\"}','2025-10-14 14:27:51',26,'Product deleted by user',1),(112,'product','XSS_TEST_1760434071192','{\"id\": \"XSS_TEST_1760434071192\", \"uom\": \"pcs\", \"name\": \"&lt;svg alert(&#x27;XSS&#x27;)&gt;\", \"brand\": \"&lt;svg alert(&#x27;XSS&#x27;)&gt;\", \"category\": null, \"location\": null, \"supplier\": null, \"design_no\": null, \"cost_price\": \"60.00\", \"deleted_at\": null, \"total_sold\": 0, \"retail_price\": \"100.00\", \"stock_quantity\": 10, \"wholesale_price\": \"80.00\"}','2025-10-14 14:27:51',26,'Product deleted by user',1),(113,'product','XSS_TEST_1760434071281','{\"id\": \"XSS_TEST_1760434071281\", \"uom\": \"pcs\", \"name\": \"&#x27;;alert(&#x27;XSS&#x27;);&#x2F;&#x2F;\", \"brand\": \"&#x27;;alert(&#x27;XSS&#x27;);&#x2F;&#x2F;\", \"category\": null, \"location\": null, \"supplier\": null, \"design_no\": null, \"cost_price\": \"60.00\", \"deleted_at\": null, \"total_sold\": 0, \"retail_price\": \"100.00\", \"stock_quantity\": 10, \"wholesale_price\": \"80.00\"}','2025-10-14 14:27:51',26,'Product deleted by user',1),(114,'product','PERF_PROD_1760434079259_0','{\"id\": \"PERF_PROD_1760434079259_0\", \"uom\": \"pcs\", \"name\": \"Performance Test Product 0\", \"brand\": \"Test Brand\", \"category\": null, \"location\": null, \"supplier\": null, \"design_no\": null, \"cost_price\": \"60.00\", \"deleted_at\": null, \"total_sold\": 0, \"retail_price\": \"100.00\", \"stock_quantity\": 100, \"wholesale_price\": \"80.00\"}','2025-10-14 14:27:59',26,'Product deleted by user',1),(115,'product','PERF_PROD_1760434079259_1','{\"id\": \"PERF_PROD_1760434079259_1\", \"uom\": \"pcs\", \"name\": \"Performance Test Product 1\", \"brand\": \"Test Brand\", \"category\": null, \"location\": null, \"supplier\": null, \"design_no\": null, \"cost_price\": \"61.00\", \"deleted_at\": null, \"total_sold\": 0, \"retail_price\": \"101.00\", \"stock_quantity\": 100, \"wholesale_price\": \"81.00\"}','2025-10-14 14:27:59',26,'Product deleted by user',1),(116,'product','PERF_PROD_1760434079259_2','{\"id\": \"PERF_PROD_1760434079259_2\", \"uom\": \"pcs\", \"name\": \"Performance Test Product 2\", \"brand\": \"Test Brand\", \"category\": null, \"location\": null, \"supplier\": null, \"design_no\": null, \"cost_price\": \"62.00\", \"deleted_at\": null, \"total_sold\": 0, \"retail_price\": \"102.00\", \"stock_quantity\": 100, \"wholesale_price\": \"82.00\"}','2025-10-14 14:27:59',26,'Product deleted by user',1),(117,'product','PERF_PROD_1760434079259_3','{\"id\": \"PERF_PROD_1760434079259_3\", \"uom\": \"pcs\", \"name\": \"Performance Test Product 3\", \"brand\": \"Test Brand\", \"category\": null, \"location\": null, \"supplier\": null, \"design_no\": null, \"cost_price\": \"63.00\", \"deleted_at\": null, \"total_sold\": 0, \"retail_price\": \"103.00\", \"stock_quantity\": 100, \"wholesale_price\": \"83.00\"}','2025-10-14 14:27:59',26,'Product deleted by user',1),(118,'product','PERF_PROD_1760434079259_4','{\"id\": \"PERF_PROD_1760434079259_4\", \"uom\": \"pcs\", \"name\": \"Performance Test Product 4\", \"brand\": \"Test Brand\", \"category\": null, \"location\": null, \"supplier\": null, \"design_no\": null, \"cost_price\": \"64.00\", \"deleted_at\": null, \"total_sold\": 0, \"retail_price\": \"104.00\", \"stock_quantity\": 100, \"wholesale_price\": \"84.00\"}','2025-10-14 14:27:59',26,'Product deleted by user',1),(119,'product','PERF_PROD_1760434079259_5','{\"id\": \"PERF_PROD_1760434079259_5\", \"uom\": \"pcs\", \"name\": \"Performance Test Product 5\", \"brand\": \"Test Brand\", \"category\": null, \"location\": null, \"supplier\": null, \"design_no\": null, \"cost_price\": \"65.00\", \"deleted_at\": null, \"total_sold\": 0, \"retail_price\": \"105.00\", \"stock_quantity\": 100, \"wholesale_price\": \"85.00\"}','2025-10-14 14:27:59',26,'Product deleted by user',1),(120,'product','PERF_PROD_1760434079259_6','{\"id\": \"PERF_PROD_1760434079259_6\", \"uom\": \"pcs\", \"name\": \"Performance Test Product 6\", \"brand\": \"Test Brand\", \"category\": null, \"location\": null, \"supplier\": null, \"design_no\": null, \"cost_price\": \"66.00\", \"deleted_at\": null, \"total_sold\": 0, \"retail_price\": \"106.00\", \"stock_quantity\": 100, \"wholesale_price\": \"86.00\"}','2025-10-14 14:27:59',26,'Product deleted by user',1),(121,'product','PERF_PROD_1760434079259_7','{\"id\": \"PERF_PROD_1760434079259_7\", \"uom\": \"pcs\", \"name\": \"Performance Test Product 7\", \"brand\": \"Test Brand\", \"category\": null, \"location\": null, \"supplier\": null, \"design_no\": null, \"cost_price\": \"67.00\", \"deleted_at\": null, \"total_sold\": 0, \"retail_price\": \"107.00\", \"stock_quantity\": 100, \"wholesale_price\": \"87.00\"}','2025-10-14 14:27:59',26,'Product deleted by user',1),(122,'product','PERF_PROD_1760434079259_8','{\"id\": \"PERF_PROD_1760434079259_8\", \"uom\": \"pcs\", \"name\": \"Performance Test Product 8\", \"brand\": \"Test Brand\", \"category\": null, \"location\": null, \"supplier\": null, \"design_no\": null, \"cost_price\": \"68.00\", \"deleted_at\": null, \"total_sold\": 0, \"retail_price\": \"108.00\", \"stock_quantity\": 100, \"wholesale_price\": \"88.00\"}','2025-10-14 14:28:00',26,'Product deleted by user',1),(123,'product','PERF_PROD_1760434079259_9','{\"id\": \"PERF_PROD_1760434079259_9\", \"uom\": \"pcs\", \"name\": \"Performance Test Product 9\", \"brand\": \"Test Brand\", \"category\": null, \"location\": null, \"supplier\": null, \"design_no\": null, \"cost_price\": \"69.00\", \"deleted_at\": null, \"total_sold\": 0, \"retail_price\": \"109.00\", \"stock_quantity\": 100, \"wholesale_price\": \"89.00\"}','2025-10-14 14:28:00',26,'Product deleted by user',1),(124,'product','CONC_PROD_1760434080210_0','{\"id\": \"CONC_PROD_1760434080210_0\", \"uom\": \"pcs\", \"name\": \"Concurrent Test Product 0\", \"brand\": \"Test Brand\", \"category\": null, \"location\": null, \"supplier\": null, \"design_no\": null, \"cost_price\": \"60.00\", \"deleted_at\": null, \"total_sold\": 0, \"retail_price\": \"100.00\", \"stock_quantity\": 50, \"wholesale_price\": \"80.00\"}','2025-10-14 14:28:00',26,'Product deleted by user',1),(125,'product','CONC_PROD_1760434080210_1','{\"id\": \"CONC_PROD_1760434080210_1\", \"uom\": \"pcs\", \"name\": \"Concurrent Test Product 1\", \"brand\": \"Test Brand\", \"category\": null, \"location\": null, \"supplier\": null, \"design_no\": null, \"cost_price\": \"60.00\", \"deleted_at\": null, \"total_sold\": 0, \"retail_price\": \"100.00\", \"stock_quantity\": 50, \"wholesale_price\": \"80.00\"}','2025-10-14 14:28:00',26,'Product deleted by user',1),(126,'product','CONC_PROD_1760434080210_2','{\"id\": \"CONC_PROD_1760434080210_2\", \"uom\": \"pcs\", \"name\": \"Concurrent Test Product 2\", \"brand\": \"Test Brand\", \"category\": null, \"location\": null, \"supplier\": null, \"design_no\": null, \"cost_price\": \"60.00\", \"deleted_at\": null, \"total_sold\": 0, \"retail_price\": \"100.00\", \"stock_quantity\": 50, \"wholesale_price\": \"80.00\"}','2025-10-14 14:28:00',26,'Product deleted by user',1),(127,'product','PERF_PROD_1760434379501_0','{\"id\": \"PERF_PROD_1760434379501_0\", \"uom\": \"pcs\", \"name\": \"Performance Test Product 0\", \"brand\": \"Test Brand\", \"category\": null, \"location\": null, \"supplier\": null, \"design_no\": null, \"cost_price\": \"60.00\", \"deleted_at\": null, \"total_sold\": 0, \"retail_price\": \"100.00\", \"stock_quantity\": 100, \"wholesale_price\": \"80.00\"}','2025-10-14 14:32:59',26,'Product deleted by user',1),(128,'product','PERF_PROD_1760434379501_1','{\"id\": \"PERF_PROD_1760434379501_1\", \"uom\": \"pcs\", \"name\": \"Performance Test Product 1\", \"brand\": \"Test Brand\", \"category\": null, \"location\": null, \"supplier\": null, \"design_no\": null, \"cost_price\": \"61.00\", \"deleted_at\": null, \"total_sold\": 0, \"retail_price\": \"101.00\", \"stock_quantity\": 100, \"wholesale_price\": \"81.00\"}','2025-10-14 14:32:59',26,'Product deleted by user',1),(129,'product','PERF_PROD_1760434379501_2','{\"id\": \"PERF_PROD_1760434379501_2\", \"uom\": \"pcs\", \"name\": \"Performance Test Product 2\", \"brand\": \"Test Brand\", \"category\": null, \"location\": null, \"supplier\": null, \"design_no\": null, \"cost_price\": \"62.00\", \"deleted_at\": null, \"total_sold\": 0, \"retail_price\": \"102.00\", \"stock_quantity\": 100, \"wholesale_price\": \"82.00\"}','2025-10-14 14:32:59',26,'Product deleted by user',1),(130,'product','PERF_PROD_1760434379501_3','{\"id\": \"PERF_PROD_1760434379501_3\", \"uom\": \"pcs\", \"name\": \"Performance Test Product 3\", \"brand\": \"Test Brand\", \"category\": null, \"location\": null, \"supplier\": null, \"design_no\": null, \"cost_price\": \"63.00\", \"deleted_at\": null, \"total_sold\": 0, \"retail_price\": \"103.00\", \"stock_quantity\": 100, \"wholesale_price\": \"83.00\"}','2025-10-14 14:32:59',26,'Product deleted by user',1),(131,'product','PERF_PROD_1760434379501_4','{\"id\": \"PERF_PROD_1760434379501_4\", \"uom\": \"pcs\", \"name\": \"Performance Test Product 4\", \"brand\": \"Test Brand\", \"category\": null, \"location\": null, \"supplier\": null, \"design_no\": null, \"cost_price\": \"64.00\", \"deleted_at\": null, \"total_sold\": 0, \"retail_price\": \"104.00\", \"stock_quantity\": 100, \"wholesale_price\": \"84.00\"}','2025-10-14 14:33:00',26,'Product deleted by user',0),(132,'product','PERF_PROD_1760434379501_5','{\"id\": \"PERF_PROD_1760434379501_5\", \"uom\": \"pcs\", \"name\": \"Performance Test Product 5\", \"brand\": \"Test Brand\", \"category\": null, \"location\": null, \"supplier\": null, \"design_no\": null, \"cost_price\": \"65.00\", \"deleted_at\": null, \"total_sold\": 0, \"retail_price\": \"105.00\", \"stock_quantity\": 100, \"wholesale_price\": \"85.00\"}','2025-10-14 14:33:00',26,'Product deleted by user',1),(133,'product','PERF_PROD_1760434379501_6','{\"id\": \"PERF_PROD_1760434379501_6\", \"uom\": \"pcs\", \"name\": \"Performance Test Product 6\", \"brand\": \"Test Brand\", \"category\": null, \"location\": null, \"supplier\": null, \"design_no\": null, \"cost_price\": \"66.00\", \"deleted_at\": null, \"total_sold\": 0, \"retail_price\": \"106.00\", \"stock_quantity\": 100, \"wholesale_price\": \"86.00\"}','2025-10-14 14:33:00',26,'Product deleted by user',1),(134,'product','PERF_PROD_1760434379501_7','{\"id\": \"PERF_PROD_1760434379501_7\", \"uom\": \"pcs\", \"name\": \"Performance Test Product 7\", \"brand\": \"Test Brand\", \"category\": null, \"location\": null, \"supplier\": null, \"design_no\": null, \"cost_price\": \"67.00\", \"deleted_at\": null, \"total_sold\": 0, \"retail_price\": \"107.00\", \"stock_quantity\": 100, \"wholesale_price\": \"87.00\"}','2025-10-14 14:33:00',26,'Product deleted by user',1),(135,'product','PERF_PROD_1760434379501_8','{\"id\": \"PERF_PROD_1760434379501_8\", \"uom\": \"pcs\", \"name\": \"Performance Test Product 8\", \"brand\": \"Test Brand\", \"category\": null, \"location\": null, \"supplier\": null, \"design_no\": null, \"cost_price\": \"68.00\", \"deleted_at\": null, \"total_sold\": 0, \"retail_price\": \"108.00\", \"stock_quantity\": 100, \"wholesale_price\": \"88.00\"}','2025-10-14 14:33:00',26,'Product deleted by user',1),(136,'product','PERF_PROD_1760434379501_9','{\"id\": \"PERF_PROD_1760434379501_9\", \"uom\": \"pcs\", \"name\": \"Performance Test Product 9\", \"brand\": \"Test Brand\", \"category\": null, \"location\": null, \"supplier\": null, \"design_no\": null, \"cost_price\": \"69.00\", \"deleted_at\": null, \"total_sold\": 0, \"retail_price\": \"109.00\", \"stock_quantity\": 100, \"wholesale_price\": \"89.00\"}','2025-10-14 14:33:00',26,'Product deleted by user',1),(137,'product','CONC_PROD_1760434380522_0','{\"id\": \"CONC_PROD_1760434380522_0\", \"uom\": \"pcs\", \"name\": \"Concurrent Test Product 0\", \"brand\": \"Test Brand\", \"category\": null, \"location\": null, \"supplier\": null, \"design_no\": null, \"cost_price\": \"60.00\", \"deleted_at\": null, \"total_sold\": 0, \"retail_price\": \"100.00\", \"stock_quantity\": 50, \"wholesale_price\": \"80.00\"}','2025-10-14 14:33:00',26,'Product deleted by user',1),(138,'product','CONC_PROD_1760434380522_1','{\"id\": \"CONC_PROD_1760434380522_1\", \"uom\": \"pcs\", \"name\": \"Concurrent Test Product 1\", \"brand\": \"Test Brand\", \"category\": null, \"location\": null, \"supplier\": null, \"design_no\": null, \"cost_price\": \"60.00\", \"deleted_at\": null, \"total_sold\": 0, \"retail_price\": \"100.00\", \"stock_quantity\": 50, \"wholesale_price\": \"80.00\"}','2025-10-14 14:33:00',26,'Product deleted by user',1),(139,'product','CONC_PROD_1760434380522_2','{\"id\": \"CONC_PROD_1760434380522_2\", \"uom\": \"pcs\", \"name\": \"Concurrent Test Product 2\", \"brand\": \"Test Brand\", \"category\": null, \"location\": null, \"supplier\": null, \"design_no\": null, \"cost_price\": \"60.00\", \"deleted_at\": null, \"total_sold\": 0, \"retail_price\": \"100.00\", \"stock_quantity\": 50, \"wholesale_price\": \"80.00\"}','2025-10-14 14:33:00',26,'Product deleted by user',1),(140,'product','PERF_PROD_1760434379501_4','{\"action\": \"restored\", \"restored_at\": \"2025-10-19T06:10:27.310Z\", \"restored_by\": 5}','2025-10-19 11:10:27',5,'Item restored from deleted items',0);
/*!40000 ALTER TABLE `deleted_items` ENABLE KEYS */;
UNLOCK TABLES;

--
-- Table structure for table `knex_migrations`
--

DROP TABLE IF EXISTS `knex_migrations`;
/*!40101 SET @saved_cs_client     = @@character_set_client */;
/*!50503 SET character_set_client = utf8mb4 */;
CREATE TABLE `knex_migrations` (
  `id` int unsigned NOT NULL AUTO_INCREMENT,
  `name` varchar(255) DEFAULT NULL,
  `batch` int DEFAULT NULL,
  `migration_time` timestamp NULL DEFAULT NULL,
  PRIMARY KEY (`id`)
) ENGINE=InnoDB AUTO_INCREMENT=2 DEFAULT CHARSET=utf8mb4 COLLATE=utf8mb4_0900_ai_ci;
/*!40101 SET character_set_client = @saved_cs_client */;

--
-- Dumping data for table `knex_migrations`
--

LOCK TABLES `knex_migrations` WRITE;
/*!40000 ALTER TABLE `knex_migrations` DISABLE KEYS */;
INSERT INTO `knex_migrations` VALUES (1,'2025-09-15-add-status-and-discount.cjs',1,'2025-09-15 21:35:02');
/*!40000 ALTER TABLE `knex_migrations` ENABLE KEYS */;
UNLOCK TABLES;

--
-- Table structure for table `knex_migrations_lock`
--

DROP TABLE IF EXISTS `knex_migrations_lock`;
/*!40101 SET @saved_cs_client     = @@character_set_client */;
/*!50503 SET character_set_client = utf8mb4 */;
CREATE TABLE `knex_migrations_lock` (
  `index` int unsigned NOT NULL AUTO_INCREMENT,
  `is_locked` int DEFAULT NULL,
  PRIMARY KEY (`index`)
) ENGINE=InnoDB AUTO_INCREMENT=2 DEFAULT CHARSET=utf8mb4 COLLATE=utf8mb4_0900_ai_ci;
/*!40101 SET character_set_client = @saved_cs_client */;

--
-- Dumping data for table `knex_migrations_lock`
--

LOCK TABLES `knex_migrations_lock` WRITE;
/*!40000 ALTER TABLE `knex_migrations_lock` DISABLE KEYS */;
INSERT INTO `knex_migrations_lock` VALUES (1,0);
/*!40000 ALTER TABLE `knex_migrations_lock` ENABLE KEYS */;
UNLOCK TABLES;

--
-- Table structure for table `migrations`
--

DROP TABLE IF EXISTS `migrations`;
/*!40101 SET @saved_cs_client     = @@character_set_client */;
/*!50503 SET character_set_client = utf8mb4 */;
CREATE TABLE `migrations` (
  `id` int NOT NULL AUTO_INCREMENT,
  `filename` varchar(255) NOT NULL,
  `applied_at` datetime DEFAULT CURRENT_TIMESTAMP,
  PRIMARY KEY (`id`),
  UNIQUE KEY `filename` (`filename`)
) ENGINE=InnoDB AUTO_INCREMENT=2 DEFAULT CHARSET=utf8mb4 COLLATE=utf8mb4_0900_ai_ci;
/*!40101 SET character_set_client = @saved_cs_client */;

--
-- Dumping data for table `migrations`
--

LOCK TABLES `migrations` WRITE;
/*!40000 ALTER TABLE `migrations` DISABLE KEYS */;
INSERT INTO `migrations` VALUES (1,'2025-09-15-add-status-and-discount.sql','2025-09-15 14:28:14');
/*!40000 ALTER TABLE `migrations` ENABLE KEYS */;
UNLOCK TABLES;

--
-- Table structure for table `payments`
--

DROP TABLE IF EXISTS `payments`;
/*!40101 SET @saved_cs_client     = @@character_set_client */;
/*!50503 SET character_set_client = utf8mb4 */;
CREATE TABLE `payments` (
  `id` int NOT NULL AUTO_INCREMENT,
  `supplier_id` int DEFAULT NULL,
  `amount` decimal(10,2) NOT NULL,
  `date` datetime DEFAULT CURRENT_TIMESTAMP,
  `customer_id` int DEFAULT NULL,
  `description` text,
  `payment_method` varchar(50) DEFAULT NULL,
  `payment_date` datetime DEFAULT NULL,
  PRIMARY KEY (`id`),
  KEY `supplier_id` (`supplier_id`),
  CONSTRAINT `payments_ibfk_1` FOREIGN KEY (`supplier_id`) REFERENCES `suppliers` (`id`)
) ENGINE=InnoDB AUTO_INCREMENT=40 DEFAULT CHARSET=utf8mb4 COLLATE=utf8mb4_0900_ai_ci;
/*!40101 SET character_set_client = @saved_cs_client */;

--
-- Dumping data for table `payments`
--

LOCK TABLES `payments` WRITE;
/*!40000 ALTER TABLE `payments` DISABLE KEYS */;
INSERT INTO `payments` VALUES (7,NULL,100.00,'2025-09-17 16:24:08',6,NULL,NULL,NULL),(8,NULL,100.00,'2025-09-17 16:24:16',6,NULL,NULL,NULL),(9,NULL,100.00,'2025-09-17 16:28:40',6,NULL,NULL,NULL),(11,NULL,100.00,'2025-09-17 17:47:22',7,NULL,NULL,NULL),(12,NULL,500.00,'2025-09-17 17:47:29',4,NULL,NULL,NULL),(13,NULL,1000.00,'2025-09-17 18:02:01',7,NULL,NULL,NULL),(14,NULL,100.00,'2025-09-17 18:08:08',7,NULL,NULL,NULL),(15,NULL,100.00,'2025-09-18 03:31:03',7,'in hand cash',NULL,NULL),(17,NULL,100.00,'2025-09-19 00:50:49',7,'cash',NULL,NULL),(20,20,1500.00,'2025-10-06 05:00:00',NULL,'Test payment to supplier','Bank Transfer','2025-10-06 05:00:00'),(34,28,500.00,'2025-10-06 05:00:00',NULL,'Frontend test payment','Bank Transfer','2025-10-06 05:00:00'),(35,29,500.00,'2025-10-06 05:00:00',NULL,'Frontend test payment','Bank Transfer','2025-10-06 05:00:00'),(36,30,1500.00,'2025-10-06 05:00:00',NULL,'Integration test payment','Bank Transfer','2025-10-06 05:00:00'),(39,36,100.00,'2025-10-06 05:00:00',NULL,'Auth test payment','Cash','2025-10-06 05:00:00');
/*!40000 ALTER TABLE `payments` ENABLE KEYS */;
UNLOCK TABLES;

--
-- Table structure for table `products`
--

DROP TABLE IF EXISTS `products`;
/*!40101 SET @saved_cs_client     = @@character_set_client */;
/*!50503 SET character_set_client = utf8mb4 */;
CREATE TABLE `products` (
  `id` varchar(36) NOT NULL,
  `name` varchar(100) NOT NULL,
  `category` varchar(50) DEFAULT NULL,
  `brand` varchar(50) DEFAULT NULL,
  `design_no` varchar(50) DEFAULT NULL,
  `location` varchar(50) DEFAULT NULL,
  `retail_price` decimal(10,2) NOT NULL,
  `cost_price` decimal(10,2) DEFAULT '0.00',
  `wholesale_price` decimal(10,2) DEFAULT NULL,
  `stock_quantity` int DEFAULT '0',
  `supplier` varchar(100) DEFAULT NULL,
  `uom` varchar(20) NOT NULL DEFAULT '',
  `total_sold` int DEFAULT '0',
  `deleted_at` datetime DEFAULT NULL,
  PRIMARY KEY (`id`),
  KEY `idx_products_deleted_at` (`deleted_at`)
) ENGINE=InnoDB DEFAULT CHARSET=utf8mb4 COLLATE=utf8mb4_0900_ai_ci;
/*!40101 SET character_set_client = @saved_cs_client */;

--
-- Dumping data for table `products`
--

LOCK TABLES `products` WRITE;
/*!40000 ALTER TABLE `products` DISABLE KEYS */;
INSERT INTO `products` VALUES ('API_TEST_1760429699940','API Test Product 1760429699940',NULL,NULL,NULL,NULL,100.00,60.00,80.00,10,NULL,'pcs',0,NULL),('CONC_PROD_1760434080210_0','Concurrent Test Product 0',NULL,'Test Brand',NULL,NULL,100.00,60.00,80.00,50,NULL,'pcs',0,'2025-10-14 14:28:00'),('CONC_PROD_1760434080210_1','Concurrent Test Product 1',NULL,'Test Brand',NULL,NULL,100.00,60.00,80.00,50,NULL,'pcs',0,'2025-10-14 14:28:00'),('CONC_PROD_1760434080210_2','Concurrent Test Product 2',NULL,'Test Brand',NULL,NULL,100.00,60.00,80.00,50,NULL,'pcs',0,'2025-10-14 14:28:00'),('CONC_PROD_1760434380522_0','Concurrent Test Product 0',NULL,'Test Brand',NULL,NULL,100.00,60.00,80.00,50,NULL,'pcs',0,'2025-10-14 14:33:00'),('CONC_PROD_1760434380522_1','Concurrent Test Product 1',NULL,'Test Brand',NULL,NULL,100.00,60.00,80.00,50,NULL,'pcs',0,'2025-10-14 14:33:00'),('CONC_PROD_1760434380522_2','Concurrent Test Product 2',NULL,'Test Brand',NULL,NULL,100.00,60.00,80.00,50,NULL,'pcs',0,'2025-10-14 14:33:00'),('e2e_prod_001','Laptop Computer',NULL,NULL,NULL,NULL,1200.00,900.00,NULL,9,NULL,'pcs',1,NULL),('e2e_prod_002','Wireless Mouse',NULL,NULL,NULL,NULL,25.00,15.00,NULL,48,NULL,'pcs',2,NULL),('e2e_prod_003','USB Cable',NULL,NULL,NULL,NULL,12.00,8.00,NULL,100,NULL,'pcs',0,NULL),('e2e_prod_004','Bluetooth Headphones',NULL,NULL,NULL,NULL,89.99,65.00,NULL,25,NULL,'pcs',0,NULL),('e2e_prod_low','Low Stock Item',NULL,NULL,NULL,NULL,50.00,30.00,NULL,2,NULL,'pcs',0,NULL),('HIST_1760430232866','Historical Test Product 1760430232866',NULL,'Test Brand',NULL,NULL,150.00,60.00,80.00,50,NULL,'pcs',1,'2025-10-14 13:23:53'),('HIST_1760430261527','Historical Test Product 1760430261527',NULL,'Test Brand',NULL,NULL,150.00,60.00,80.00,50,NULL,'pcs',1,'2025-10-14 13:24:21'),('HIST_1760430447668','Historical Test Product 1760430447668',NULL,'Test Brand',NULL,NULL,150.00,60.00,80.00,50,NULL,'pcs',1,'2025-10-14 13:27:27'),('HIST_1760434064129','Historical Test Product 1760434064129',NULL,'Test Brand',NULL,NULL,150.00,60.00,80.00,50,NULL,'pcs',1,'2025-10-14 14:27:44'),('L8776','Low Stock Test Product',NULL,NULL,NULL,NULL,50.00,40.00,NULL,1,NULL,'pcs',0,'2025-10-13 15:56:02'),('PERF_PROD_1760434079259_0','Performance Test Product 0',NULL,'Test Brand',NULL,NULL,100.00,60.00,80.00,100,NULL,'pcs',0,'2025-10-14 14:27:59'),('PERF_PROD_1760434079259_1','Performance Test Product 1',NULL,'Test Brand',NULL,NULL,101.00,61.00,81.00,100,NULL,'pcs',0,'2025-10-14 14:27:59'),('PERF_PROD_1760434079259_2','Performance Test Product 2',NULL,'Test Brand',NULL,NULL,102.00,62.00,82.00,100,NULL,'pcs',0,'2025-10-14 14:27:59'),('PERF_PROD_1760434079259_3','Performance Test Product 3',NULL,'Test Brand',NULL,NULL,103.00,63.00,83.00,100,NULL,'pcs',0,'2025-10-14 14:27:59'),('PERF_PROD_1760434079259_4','Performance Test Product 4',NULL,'Test Brand',NULL,NULL,104.00,64.00,84.00,100,NULL,'pcs',0,'2025-10-14 14:27:59'),('PERF_PROD_1760434079259_5','Performance Test Product 5',NULL,'Test Brand',NULL,NULL,105.00,65.00,85.00,100,NULL,'pcs',0,'2025-10-14 14:27:59'),('PERF_PROD_1760434079259_6','Performance Test Product 6',NULL,'Test Brand',NULL,NULL,106.00,66.00,86.00,100,NULL,'pcs',0,'2025-10-14 14:27:59'),('PERF_PROD_1760434079259_7','Performance Test Product 7',NULL,'Test Brand',NULL,NULL,107.00,67.00,87.00,100,NULL,'pcs',0,'2025-10-14 14:27:59'),('PERF_PROD_1760434079259_8','Performance Test Product 8',NULL,'Test Brand',NULL,NULL,108.00,68.00,88.00,100,NULL,'pcs',0,'2025-10-14 14:28:00'),('PERF_PROD_1760434079259_9','Performance Test Product 9',NULL,'Test Brand',NULL,NULL,109.00,69.00,89.00,100,NULL,'pcs',0,'2025-10-14 14:28:00'),('PERF_PROD_1760434379501_0','Performance Test Product 0',NULL,'Test Brand',NULL,NULL,100.00,60.00,80.00,100,NULL,'pcs',0,'2025-10-14 14:32:59'),('PERF_PROD_1760434379501_1','Performance Test Product 1',NULL,'Test Brand',NULL,NULL,101.00,61.00,81.00,100,NULL,'pcs',0,'2025-10-14 14:32:59'),('PERF_PROD_1760434379501_2','Performance Test Product 2',NULL,'Test Brand',NULL,NULL,102.00,62.00,82.00,100,NULL,'pcs',0,'2025-10-14 14:32:59'),('PERF_PROD_1760434379501_3','Performance Test Product 3',NULL,'Test Brand',NULL,NULL,103.00,63.00,83.00,100,NULL,'pcs',0,'2025-10-14 14:32:59'),('PERF_PROD_1760434379501_4','Performance Test Product 4',NULL,'Test Brand',NULL,NULL,104.00,64.00,84.00,100,NULL,'pcs',0,NULL),('PERF_PROD_1760434379501_5','Performance Test Product 5',NULL,'Test Brand',NULL,NULL,105.00,65.00,85.00,100,NULL,'pcs',0,'2025-10-14 14:33:00'),('PERF_PROD_1760434379501_6','Performance Test Product 6',NULL,'Test Brand',NULL,NULL,106.00,66.00,86.00,100,NULL,'pcs',0,'2025-10-14 14:33:00'),('PERF_PROD_1760434379501_7','Performance Test Product 7',NULL,'Test Brand',NULL,NULL,107.00,67.00,87.00,100,NULL,'pcs',0,'2025-10-14 14:33:00'),('PERF_PROD_1760434379501_8','Performance Test Product 8',NULL,'Test Brand',NULL,NULL,108.00,68.00,88.00,100,NULL,'pcs',0,'2025-10-14 14:33:00'),('PERF_PROD_1760434379501_9','Performance Test Product 9',NULL,'Test Brand',NULL,NULL,109.00,69.00,89.00,100,NULL,'pcs',0,'2025-10-14 14:33:00'),('PWD_TEST_1760433352496','Password Test Product',NULL,'Test',NULL,NULL,100.00,60.00,80.00,10,NULL,'pcs',0,NULL),('PWD_TEST_1760433617444','Password Test Product',NULL,'Test',NULL,NULL,100.00,60.00,80.00,10,NULL,'pcs',0,NULL),('PWD_TEST_1760433688478','Password Test Product',NULL,'Test',NULL,NULL,100.00,60.00,80.00,10,NULL,'pcs',0,NULL),('PWD_TEST_1760434071447','Password Test Product',NULL,'Test',NULL,NULL,100.00,60.00,80.00,10,NULL,'pcs',0,NULL),('PWD_TEST2_1760433352512','Password Test Product 2',NULL,'Test',NULL,NULL,100.00,60.00,80.00,10,NULL,'pcs',0,NULL),('PWD_TEST2_1760433617460','Password Test Product 2',NULL,'Test',NULL,NULL,100.00,60.00,80.00,10,NULL,'pcs',0,NULL),('PWD_TEST2_1760433688493','Password Test Product 2',NULL,'Test',NULL,NULL,100.00,60.00,80.00,10,NULL,'pcs',0,NULL),('PWD_TEST2_1760434071460','Password Test Product 2',NULL,'Test',NULL,NULL,100.00,60.00,80.00,10,NULL,'pcs',0,NULL),('SALETEST_1760429841313','Sale Test Product 1760429841313',NULL,'Test Brand',NULL,NULL,150.00,90.00,120.00,100,NULL,'pcs',0,'2025-10-14 13:17:21'),('SALETEST_1760429886577','Sale Test Product 1760429886577',NULL,'Test Brand',NULL,NULL,150.00,90.00,120.00,98,NULL,'pcs',2,NULL),('SALETEST_1760435348742','Sale Test Product 1760435348742',NULL,'Test Brand',NULL,NULL,150.00,90.00,120.00,98,NULL,'pcs',2,NULL),('STEST_1760429249455','Sale Test Product 1760429249455',NULL,'Test Brand',NULL,NULL,150.00,90.00,120.00,100,NULL,'pcs',0,NULL),('STEST_1760429795944','Sale Test Product 1760429795944',NULL,'Test Brand',NULL,NULL,150.00,90.00,120.00,100,NULL,'pcs',0,'2025-10-14 13:16:36'),('STEST_1760429902955','Sale Test Product 1760429902955',NULL,'Test Brand',NULL,NULL,150.00,90.00,120.00,98,NULL,'pcs',2,NULL),('STEST_1760429948929','Sale Test Product 1760429948929',NULL,'Test Brand',NULL,NULL,150.00,90.00,120.00,98,NULL,'pcs',2,'2025-10-14 13:19:09'),('STEST_1760430055262','Sale Test Product 1760430055262',NULL,'Test Brand',NULL,NULL,150.00,90.00,120.00,98,NULL,'pcs',2,'2025-10-14 13:20:55'),('STEST_1760430232537','Sale Test Product 1760430232537',NULL,'Test Brand',NULL,NULL,150.00,90.00,120.00,98,NULL,'pcs',2,'2025-10-14 13:23:52'),('STEST_1760430261225','Sale Test Product 1760430261225',NULL,'Test Brand',NULL,NULL,150.00,90.00,120.00,98,NULL,'pcs',2,'2025-10-14 13:24:21'),('STEST_1760430447339','Sale Test Product 1760430447339',NULL,'Test Brand',NULL,NULL,150.00,90.00,120.00,98,NULL,'pcs',2,'2025-10-14 13:27:27'),('STEST_1760434063684','Sale Test Product 1760434063684',NULL,'Test Brand',NULL,NULL,150.00,90.00,120.00,98,NULL,'pcs',2,'2025-10-14 14:27:44'),('T8776','Database Test Product',NULL,NULL,NULL,NULL,99.99,79.99,NULL,48,NULL,'pcs',2,'2025-10-13 15:56:01'),('T9110','Final Test Product',NULL,NULL,NULL,NULL,100.00,80.00,NULL,48,NULL,'pcs',2,NULL),('TEST_1760429249312','Updated Test Product 1760429249312',NULL,'Test Brand','TD1760429249312','Test Location',120.00,60.00,80.00,50,'Test Supplier','pcs',0,NULL),('TEST_1760429795691','Updated Test Product 1760429795691',NULL,'Test Brand','TD1760429795691','Test Location',120.00,60.00,80.00,50,'Test Supplier','pcs',0,'2025-10-14 13:16:35'),('TEST_1760429902668','Updated Test Product 1760429902668',NULL,'Test Brand','TD1760429902668','Test Location',120.00,60.00,80.00,50,'Test Supplier','pcs',0,'2025-10-14 13:18:22'),('TEST_1760429948675','Updated Test Product 1760429948675',NULL,'Test Brand','TD1760429948675','Test Location',120.00,60.00,80.00,50,'Test Supplier','pcs',0,'2025-10-14 13:19:08'),('TEST_1760430055013','Updated Test Product 1760430055013',NULL,'Test Brand','TD1760430055013','Test Location',120.00,60.00,80.00,50,'Test Supplier','pcs',0,'2025-10-14 13:20:55'),('TEST_1760430232294','Updated Test Product 1760430232294',NULL,'Test Brand','TD1760430232294','Test Location',120.00,60.00,80.00,50,'Test Supplier','pcs',0,'2025-10-14 13:23:52'),('TEST_1760430260985','Updated Test Product 1760430260985',NULL,'Test Brand','TD1760430260985','Test Location',120.00,60.00,80.00,50,'Test Supplier','pcs',0,'2025-10-14 13:24:21'),('TEST_1760430447096','Updated Test Product 1760430447096',NULL,'Test Brand','TD1760430447096','Test Location',120.00,60.00,80.00,50,'Test Supplier','pcs',0,'2025-10-14 13:27:27'),('TEST_1760434063295','Updated Test Product 1760434063295',NULL,'Test Brand','TD1760434063295','Test Location',120.00,60.00,80.00,50,'Test Supplier','pcs',0,'2025-10-14 14:27:43'),('test_db_product_001','Database Test Product',NULL,NULL,NULL,NULL,99.99,79.99,NULL,50,NULL,'pcs',0,'2025-10-13 15:44:45'),('test_db_product_285552','Database Test Product',NULL,NULL,NULL,NULL,99.99,79.99,NULL,50,NULL,'pcs',0,'2025-10-13 15:44:46'),('test_db_product_417963','Database Test Product',NULL,NULL,NULL,NULL,99.99,79.99,NULL,50,NULL,'pcs',0,'2025-10-13 15:46:58'),('test_db_product_495170','Database Test Product',NULL,NULL,NULL,NULL,99.99,79.99,NULL,50,NULL,'pcs',0,NULL),('test_final_643958','Final Test Product',NULL,NULL,NULL,NULL,100.00,80.00,NULL,50,NULL,'pcs',0,NULL),('test_low_stock_001','Low Stock Test Product',NULL,NULL,NULL,NULL,50.00,40.00,NULL,1,NULL,'pcs',0,'2025-10-13 15:44:45'),('test_low_stock_285552','Low Stock Test Product',NULL,NULL,NULL,NULL,50.00,40.00,NULL,1,NULL,'pcs',0,'2025-10-13 15:44:47'),('test_low_stock_417963','Low Stock Test Product',NULL,NULL,NULL,NULL,50.00,40.00,NULL,1,NULL,'pcs',0,'2025-10-13 15:46:59'),('TEST_PRODUCT_1760439266836','Test Product','Electronics','Test Brand',NULL,NULL,20.00,10.00,15.00,100,'Test Supplier','pieces',0,NULL),('TEST_PRODUCT_1760439376959','Test Product','Electronics','Test Brand',NULL,NULL,20.00,10.00,15.00,100,'Test Supplier','pieces',0,NULL),('TEST_PRODUCT_1760439567768','Test Product','Electronics','Test Brand',NULL,NULL,20.00,10.00,15.00,100,'Test Supplier','pieces',0,NULL),('TEST_PRODUCT_1760439725172','Test Product','Electronics','Test Brand',NULL,NULL,20.00,10.00,15.00,100,'Test Supplier','pieces',0,NULL),('TEST_PRODUCT_1760439756929','Test Product','Electronics','Test Brand',NULL,NULL,20.00,10.00,15.00,98,'Test Supplier','pieces',2,NULL),('TEST_PRODUCT_1760439769413','Test Product','Electronics','Test Brand',NULL,NULL,20.00,10.00,15.00,98,'Test Supplier','pieces',2,NULL),('TEST_PRODUCT_1760439799474','Test Product','Electronics','Test Brand',NULL,NULL,20.00,10.00,15.00,98,'Test Supplier','pieces',2,NULL),('TEST_PRODUCT_1760439836748','Test Product','Electronics','Test Brand',NULL,NULL,20.00,10.00,15.00,98,'Test Supplier','pieces',2,NULL),('TEST_PRODUCT_1760440295111','Test Product','Electronics','Test Brand',NULL,NULL,20.00,10.00,15.00,98,'Test Supplier','pieces',2,NULL),('TEST_PRODUCT_1760440456303','Test Product','Electronics','Test Brand',NULL,NULL,20.00,10.00,15.00,98,'Test Supplier','pieces',2,NULL),('TEST-DELETE-001','Test Delete Product',NULL,'Test Brand',NULL,NULL,100.00,60.00,80.00,10,NULL,'pcs',0,'2025-10-12 18:14:22'),('TEST-DELETE-1760275186903','Test Delete Product',NULL,'Test Brand',NULL,NULL,100.00,60.00,80.00,10,NULL,'pcs',0,'2025-10-12 18:19:47'),('TEST-DELETE-1760275317632','Test Delete Product',NULL,'Test Brand',NULL,NULL,100.00,60.00,80.00,10,NULL,'pcs',0,'2025-10-12 18:21:57'),('TEST-DELETE-1760276129747','Test Delete Product',NULL,'Test Brand',NULL,NULL,100.00,60.00,80.00,10,NULL,'pcs',0,'2025-10-12 18:35:29'),('TEST-DELETE-1760276298605','Test Delete Product',NULL,'Test Brand',NULL,NULL,100.00,60.00,80.00,10,NULL,'pcs',0,'2025-10-12 18:38:19'),('TEST-DELETE-1760276465241','Test Delete Product',NULL,'Test Brand',NULL,NULL,100.00,60.00,80.00,10,NULL,'pcs',0,'2025-10-12 18:41:06'),('TEST-DELETE-1760276517768','Test Delete Product',NULL,'Test Brand',NULL,NULL,100.00,60.00,80.00,10,NULL,'pcs',0,'2025-10-12 18:41:58'),('TEST001','Test Product',NULL,NULL,NULL,NULL,10.00,8.00,NULL,100,NULL,'pcs',0,'2025-10-13 15:24:44'),('XSS_TEST_1760433351947','<script>alert(\'XSS\')</script>',NULL,'<script>alert(\'XSS\')</script>',NULL,NULL,100.00,60.00,80.00,10,NULL,'pcs',0,'2025-10-14 14:15:52'),('XSS_TEST_1760433352045','<img src=x onerror=alert(\'XSS\')>',NULL,'<img src=x onerror=alert(\'XSS\')>',NULL,NULL,100.00,60.00,80.00,10,NULL,'pcs',0,'2025-10-14 14:15:52'),('XSS_TEST_1760433352137','javascript:alert(\'XSS\')',NULL,'javascript:alert(\'XSS\')',NULL,NULL,100.00,60.00,80.00,10,NULL,'pcs',0,'2025-10-14 14:15:52'),('XSS_TEST_1760433352232','<svg onload=alert(\'XSS\')>',NULL,'<svg onload=alert(\'XSS\')>',NULL,NULL,100.00,60.00,80.00,10,NULL,'pcs',0,'2025-10-14 14:15:52'),('XSS_TEST_1760433352327','\';alert(\'XSS\');//',NULL,'\';alert(\'XSS\');//',NULL,NULL,100.00,60.00,80.00,10,NULL,'pcs',0,'2025-10-14 14:15:52'),('XSS_TEST_1760433616989','&lt;img src=x alert(&#x27;XSS&#x27;)&gt;',NULL,'&lt;img src=x alert(&#x27;XSS&#x27;)&gt;',NULL,NULL,100.00,60.00,80.00,10,NULL,'pcs',0,'2025-10-14 14:20:17'),('XSS_TEST_1760433617088','alert(&#x27;XSS&#x27;)',NULL,'alert(&#x27;XSS&#x27;)',NULL,NULL,100.00,60.00,80.00,10,NULL,'pcs',0,'2025-10-14 14:20:17'),('XSS_TEST_1760433617186','&lt;svg alert(&#x27;XSS&#x27;)&gt;',NULL,'&lt;svg alert(&#x27;XSS&#x27;)&gt;',NULL,NULL,100.00,60.00,80.00,10,NULL,'pcs',0,'2025-10-14 14:20:17'),('XSS_TEST_1760433617280','&#x27;;alert(&#x27;XSS&#x27;);&#x2F;&#x2F;',NULL,'&#x27;;alert(&#x27;XSS&#x27;);&#x2F;&#x2F;',NULL,NULL,100.00,60.00,80.00,10,NULL,'pcs',0,'2025-10-14 14:20:17'),('XSS_TEST_1760433688046','&lt;img src=x alert(&#x27;XSS&#x27;)&gt;',NULL,'&lt;img src=x alert(&#x27;XSS&#x27;)&gt;',NULL,NULL,100.00,60.00,80.00,10,NULL,'pcs',0,'2025-10-14 14:21:28'),('XSS_TEST_1760433688142','alert(&#x27;XSS&#x27;)',NULL,'alert(&#x27;XSS&#x27;)',NULL,NULL,100.00,60.00,80.00,10,NULL,'pcs',0,'2025-10-14 14:21:28'),('XSS_TEST_1760433688232','&lt;svg alert(&#x27;XSS&#x27;)&gt;',NULL,'&lt;svg alert(&#x27;XSS&#x27;)&gt;',NULL,NULL,100.00,60.00,80.00,10,NULL,'pcs',0,'2025-10-14 14:21:28'),('XSS_TEST_1760433688322','&#x27;;alert(&#x27;XSS&#x27;);&#x2F;&#x2F;',NULL,'&#x27;;alert(&#x27;XSS&#x27;);&#x2F;&#x2F;',NULL,NULL,100.00,60.00,80.00,10,NULL,'pcs',0,'2025-10-14 14:21:28'),('XSS_TEST_1760434071004','&lt;img src=x alert(&#x27;XSS&#x27;)&gt;',NULL,'&lt;img src=x alert(&#x27;XSS&#x27;)&gt;',NULL,NULL,100.00,60.00,80.00,10,NULL,'pcs',0,'2025-10-14 14:27:51'),('XSS_TEST_1760434071097','alert(&#x27;XSS&#x27;)',NULL,'alert(&#x27;XSS&#x27;)',NULL,NULL,100.00,60.00,80.00,10,NULL,'pcs',0,'2025-10-14 14:27:51'),('XSS_TEST_1760434071192','&lt;svg alert(&#x27;XSS&#x27;)&gt;',NULL,'&lt;svg alert(&#x27;XSS&#x27;)&gt;',NULL,NULL,100.00,60.00,80.00,10,NULL,'pcs',0,'2025-10-14 14:27:51'),('XSS_TEST_1760434071281','&#x27;;alert(&#x27;XSS&#x27;);&#x2F;&#x2F;',NULL,'&#x27;;alert(&#x27;XSS&#x27;);&#x2F;&#x2F;',NULL,NULL,100.00,60.00,80.00,10,NULL,'pcs',0,'2025-10-14 14:27:51'),('zy0000000001','bedesheet',NULL,'ZUA','112','123',40.00,15.00,60.00,94,'Zain Ul Abideen','meter',28,NULL),('zy0000093653','Blanket',NULL,'BabyChick','11','132',1200.00,900.00,1000.00,499,'Imran','unit',1,NULL),('zy0000430330','Test Product',NULL,NULL,NULL,NULL,100.00,80.00,NULL,50,NULL,'pcs',0,NULL),('zy0000554941','Test Product',NULL,NULL,NULL,NULL,100.00,80.00,NULL,48,NULL,'pcs',2,NULL),('zy0000671137','Test Product',NULL,NULL,NULL,NULL,100.00,80.00,NULL,48,NULL,'pcs',2,NULL),('zy0000777288','Pillow',NULL,'UpdatedTestBrand','9','132',300.00,150.00,200.00,0,'Updated Test Supplier Corp','Piece',6,NULL),('zy0000821198','Business Logic Test Product',NULL,NULL,NULL,NULL,150.00,100.00,NULL,14,NULL,'pcs',11,NULL),('zy0000839541','mutton',NULL,'F16','hh','132',600.00,500.00,550.00,454,'Taha','kg1',46,NULL);
/*!40000 ALTER TABLE `products` ENABLE KEYS */;
UNLOCK TABLES;

--
-- Table structure for table `purchase_items`
--

DROP TABLE IF EXISTS `purchase_items`;
/*!40101 SET @saved_cs_client     = @@character_set_client */;
/*!50503 SET character_set_client = utf8mb4 */;
CREATE TABLE `purchase_items` (
  `id` int NOT NULL AUTO_INCREMENT,
  `purchase_id` int DEFAULT NULL,
  `product_id` varchar(12) DEFAULT NULL,
  `quantity` int NOT NULL,
  `cost_price` decimal(10,2) NOT NULL,
  PRIMARY KEY (`id`),
  KEY `purchase_id` (`purchase_id`),
  KEY `product_id` (`product_id`),
  CONSTRAINT `purchase_items_ibfk_1` FOREIGN KEY (`purchase_id`) REFERENCES `purchases` (`id`),
  CONSTRAINT `purchase_items_ibfk_2` FOREIGN KEY (`product_id`) REFERENCES `products` (`id`)
) ENGINE=InnoDB AUTO_INCREMENT=6 DEFAULT CHARSET=utf8mb4 COLLATE=utf8mb4_0900_ai_ci;
/*!40101 SET character_set_client = @saved_cs_client */;

--
-- Dumping data for table `purchase_items`
--

LOCK TABLES `purchase_items` WRITE;
/*!40000 ALTER TABLE `purchase_items` DISABLE KEYS */;
/*!40000 ALTER TABLE `purchase_items` ENABLE KEYS */;
UNLOCK TABLES;

--
-- Table structure for table `purchases`
--

DROP TABLE IF EXISTS `purchases`;
/*!40101 SET @saved_cs_client     = @@character_set_client */;
/*!50503 SET character_set_client = utf8mb4 */;
CREATE TABLE `purchases` (
  `id` int NOT NULL AUTO_INCREMENT,
  `supplier_id` int DEFAULT NULL,
  `date` datetime DEFAULT CURRENT_TIMESTAMP,
  `total_cost` decimal(10,2) NOT NULL,
  `description` text,
  `supplier_invoice_id` varchar(100) DEFAULT NULL,
  `delivery_method` varchar(100) DEFAULT NULL,
  `deleted_at` datetime DEFAULT NULL,
  PRIMARY KEY (`id`),
  KEY `supplier_id` (`supplier_id`),
  KEY `idx_purchases_deleted_at` (`deleted_at`),
  CONSTRAINT `purchases_ibfk_1` FOREIGN KEY (`supplier_id`) REFERENCES `suppliers` (`id`)
) ENGINE=InnoDB AUTO_INCREMENT=28 DEFAULT CHARSET=utf8mb4 COLLATE=utf8mb4_0900_ai_ci;
/*!40101 SET character_set_client = @saved_cs_client */;

--
-- Dumping data for table `purchases`
--

LOCK TABLES `purchases` WRITE;
/*!40000 ALTER TABLE `purchases` DISABLE KEYS */;
INSERT INTO `purchases` VALUES (10,18,'2025-10-15 05:00:00',2500.75,'fff','fff','hh',NULL),(12,20,'2025-10-06 05:00:00',2500.75,'Test purchase for supplier operations','TEST-INV-001','Express Delivery',NULL),(19,28,'2025-10-06 05:00:00',1200.50,'Frontend test purchase','FRONTEND-001','Standard',NULL),(20,29,'2025-10-06 05:00:00',1200.50,'Frontend test purchase','FRONTEND-001','Standard',NULL),(21,30,'2025-10-06 05:00:00',2500.75,'Integration test purchase','INTEG-001','Express',NULL),(24,36,'2025-10-06 05:00:00',250.75,'Auth test purchase','AUTH-001','Standard',NULL),(25,48,'2025-10-12 19:34:31',800.00,'Test purchase for system testing',NULL,'pickup',NULL),(26,49,'2025-10-12 19:49:15',800.00,'Test purchase for system testing',NULL,'pickup',NULL),(27,50,'2025-10-12 19:53:41',500.00,'Business logic test purchase',NULL,'pickup',NULL);
/*!40000 ALTER TABLE `purchases` ENABLE KEYS */;
UNLOCK TABLES;

--
-- Table structure for table `sale_items`
--

DROP TABLE IF EXISTS `sale_items`;
/*!40101 SET @saved_cs_client     = @@character_set_client */;
/*!50503 SET character_set_client = utf8mb4 */;
CREATE TABLE `sale_items` (
  `id` int NOT NULL AUTO_INCREMENT,
  `sale_id` int DEFAULT NULL,
  `product_id` varchar(36) DEFAULT NULL,
  `product_name` varchar(100) DEFAULT NULL,
  `product_brand` varchar(100) DEFAULT NULL,
  `product_category` varchar(100) DEFAULT NULL,
  `product_uom` varchar(20) DEFAULT NULL,
  `quantity` int NOT NULL,
  `price` decimal(10,2) NOT NULL,
  `item_discount_type` enum('none','percentage','amount') DEFAULT 'none',
  `item_discount_value` decimal(10,2) DEFAULT '0.00',
  `item_discount_amount` decimal(10,2) DEFAULT '0.00',
  `original_price` decimal(10,2) DEFAULT '0.00',
  `final_price` decimal(10,2) DEFAULT '0.00',
  `discount` decimal(10,2) DEFAULT '0.00',
  PRIMARY KEY (`id`),
  KEY `sale_id` (`sale_id`),
  KEY `product_id` (`product_id`),
  KEY `idx_sale_items_discount_type` (`item_discount_type`),
  KEY `idx_sale_items_discount_amount` (`item_discount_amount`),
  CONSTRAINT `sale_items_ibfk_1` FOREIGN KEY (`sale_id`) REFERENCES `sales` (`id`)
) ENGINE=InnoDB AUTO_INCREMENT=195 DEFAULT CHARSET=utf8mb4 COLLATE=utf8mb4_0900_ai_ci;
/*!40101 SET character_set_client = @saved_cs_client */;

--
-- Dumping data for table `sale_items`
--

LOCK TABLES `sale_items` WRITE;
/*!40000 ALTER TABLE `sale_items` DISABLE KEYS */;
INSERT INTO `sale_items` VALUES (15,16,'zy0000000001','bedesheet','ZUA',NULL,'meter',1,20.00,'none',0.00,0.00,20.00,20.00,0.00),(20,20,'zy0000000001','bedesheet','ZUA',NULL,'meter',4,30.00,'none',0.00,0.00,30.00,30.00,0.00),(21,21,'zy0000000001','bedesheet','ZUA',NULL,'meter',4,20.00,'none',0.00,0.00,20.00,20.00,0.00),(22,22,'zy0000000001','bedesheet','ZUA',NULL,'meter',1,20.00,'none',0.00,0.00,20.00,20.00,0.00),(23,22,'zy0000000002','Naswar','F16',NULL,'50g',1,25.00,'none',0.00,0.00,25.00,25.00,0.00),(24,23,'zy0000000001','bedesheet','ZUA',NULL,'meter',1,20.00,'none',0.00,0.00,20.00,20.00,0.00),(25,24,'zy0000000001','bedesheet','ZUA',NULL,'meter',1,20.00,'none',0.00,0.00,20.00,20.00,0.00),(26,25,'zy0000000001','bedesheet','ZUA',NULL,'meter',1,20.00,'none',0.00,0.00,20.00,20.00,0.00),(27,26,'zy0000000002','Naswar','F16',NULL,'50g',3,25.00,'none',0.00,0.00,25.00,25.00,0.00),(29,28,'zy0000000002','Naswar','F16',NULL,'50g',8,25.00,'none',0.00,0.00,25.00,25.00,0.00),(30,19,'zy0000000001','bedesheet','ZUA',NULL,'meter',1,30.00,'none',0.00,0.00,30.00,30.00,0.00),(38,29,'zy0000000001','bedesheet','ZUA',NULL,'meter',1,20.00,'none',0.00,0.00,20.00,20.00,0.00),(39,30,'zy0000000001','bedesheet','ZUA',NULL,'meter',1,20.00,'none',0.00,0.00,20.00,20.00,0.00),(40,30,'zy0000000002','Naswar','F16',NULL,'50g',1,25.00,'none',0.00,0.00,25.00,25.00,0.00),(41,31,'zy0000000002','Naswar','F16',NULL,'50g',1,30.00,'none',0.00,0.00,30.00,30.00,0.00),(54,36,'zy0000000002','Naswar','F16',NULL,'50g',1,30.00,'percentage',10.00,3.00,30.00,27.00,0.00),(57,35,'zy0000000002','Naswar','F16',NULL,'50g',1,30.00,'amount',2.00,2.00,30.00,28.00,0.00),(62,34,'zy0000000001','bedesheet','ZUA',NULL,'meter',2,30.00,'percentage',10.00,6.00,30.00,54.00,0.00),(63,34,'zy0000000002','Naswar','F16',NULL,'50g',1,30.00,'amount',15.00,15.00,30.00,15.00,0.00),(66,27,'zy0000000002','Naswar','F16',NULL,'50g',1,30.00,'percentage',2.00,0.60,30.00,29.40,0.00),(69,15,'zy0000000001','bedesheet','ZUA',NULL,'meter',1,20.00,'amount',10.00,10.00,20.00,10.00,0.00),(76,37,'zy0000000001','bedesheet','ZUA',NULL,'meter',1,20.00,'percentage',10.00,2.00,20.00,18.00,0.00),(77,37,'zy0000000002','Naswar','F16',NULL,'50g',1,25.00,'amount',10.00,10.00,25.00,15.00,0.00),(86,32,'zy0000000002',NULL,NULL,NULL,NULL,1,25.00,'none',0.00,0.00,25.00,25.00,0.00),(90,17,'zy0000000001',NULL,NULL,NULL,NULL,8,30.00,'percentage',10.00,24.00,30.00,216.00,0.00),(95,45,'zy0000093653',NULL,NULL,NULL,NULL,1,1000.00,'percentage',50.00,500.00,1000.00,500.00,0.00),(96,46,'zy0000839541','mutton',NULL,NULL,NULL,1,600.00,'none',0.00,0.00,600.00,600.00,0.00),(98,48,'zy0000839541','mutton',NULL,NULL,NULL,1,550.00,'none',0.00,0.00,550.00,550.00,0.00),(99,49,'zy0000839541','mutton',NULL,NULL,NULL,1,600.00,'none',0.00,0.00,600.00,600.00,0.00),(100,50,'zy0000839541','mutton',NULL,NULL,NULL,1,550.00,'none',0.00,0.00,550.00,550.00,0.00),(101,51,'zy0000839541','mutton',NULL,NULL,NULL,1,550.00,'none',0.00,0.00,550.00,550.00,0.00),(102,52,'zy0000839541','mutton',NULL,NULL,NULL,1,600.00,'none',0.00,0.00,600.00,600.00,0.00),(103,53,'zy0000839541','mutton',NULL,NULL,NULL,1,550.00,'none',0.00,0.00,550.00,550.00,0.00),(106,56,'zy0000839541','mutton',NULL,NULL,NULL,1,550.00,'none',0.00,0.00,550.00,550.00,0.00),(107,57,'zy0000839541','mutton',NULL,NULL,NULL,1,600.00,'none',0.00,0.00,600.00,600.00,0.00),(108,58,'zy0000839541','mutton',NULL,NULL,NULL,1,550.00,'none',0.00,0.00,550.00,550.00,0.00),(109,59,'zy0000839541','mutton','F16',NULL,'kg1',1,600.00,'none',0.00,0.00,600.00,600.00,0.00),(110,60,'zy0000839541','mutton','F16',NULL,'kg1',1,550.00,'none',0.00,0.00,550.00,550.00,0.00),(111,61,'zy0000839541','mutton','F16',NULL,'kg1',1,600.01,'none',0.00,0.00,600.01,600.01,0.00),(112,62,NULL,NULL,NULL,NULL,NULL,2,150.00,'none',0.00,0.00,150.00,150.00,0.00),(113,63,NULL,NULL,NULL,NULL,NULL,2,150.00,'none',0.00,0.00,150.00,150.00,0.00),(114,64,NULL,NULL,NULL,NULL,NULL,2,150.00,'none',0.00,0.00,150.00,150.00,0.00),(115,65,'zy0000839541','mutton','F16',NULL,'kg1',2,600.00,'none',0.00,0.00,600.00,600.00,0.00),(116,66,'zy0000671137','Test Product',NULL,NULL,'pcs',2,100.00,'none',0.00,0.00,100.00,100.00,0.00),(117,67,'zy0000554941','Test Product',NULL,NULL,'pcs',2,100.00,'none',0.00,0.00,100.00,100.00,0.00),(118,68,'zy0000821198','Business Logic Test Product',NULL,NULL,'pcs',2,150.00,'none',0.00,0.00,150.00,150.00,0.00),(119,69,'zy0000821198','Business Logic Test Product',NULL,NULL,'pcs',1,150.00,'none',0.00,0.00,150.00,150.00,0.00),(120,72,'e2e_prod_001','Laptop Computer',NULL,NULL,'pcs',1,1200.00,'none',0.00,0.00,1200.00,1200.00,0.00),(121,72,'e2e_prod_002','Wireless Mouse',NULL,NULL,'pcs',2,25.00,'none',0.00,0.00,25.00,25.00,0.00),(122,75,'zy0000839541','mutton','F16',NULL,'kg1',1,600.00,'none',0.00,0.00,600.00,600.00,0.00),(123,79,'T9110','Final Test Product',NULL,NULL,'pcs',2,100.00,'none',0.00,0.00,100.00,100.00,0.00),(125,82,'zy0000821198','Business Logic Test Product',NULL,NULL,'pcs',3,150.00,'none',0.00,0.00,150.00,150.00,0.00),(128,84,'zy0000777288','Pillow','UpdatedTestBrand',NULL,'Piece',1,300.00,'none',0.00,0.00,300.00,300.00,0.00),(131,83,'zy0000821198',NULL,NULL,NULL,NULL,1,0.00,'percentage',20.00,0.00,0.00,0.00,0.00),(132,83,'zy0000777288',NULL,NULL,NULL,NULL,1,200.00,'percentage',20.00,40.00,200.00,160.00,0.00),(133,85,'zy0000839541','mutton','F16',NULL,'kg1',1,550.00,'none',0.00,0.00,550.00,550.00,0.00),(134,89,'SALETEST_1760429886577','Sale Test Product 1760429886577','Test Brand',NULL,'pcs',2,150.00,'percentage',10.00,0.00,150.00,150.00,0.00),(135,90,'STEST_1760429902955','Sale Test Product 1760429902955','Test Brand',NULL,'pcs',2,150.00,'percentage',10.00,0.00,150.00,150.00,0.00),(146,101,'zy0000839541','mutton','F16',NULL,'kg1',2,600.00,'none',0.00,0.00,600.00,600.00,0.00),(147,101,'zy0000821198','Business Logic Test Product',NULL,NULL,'pcs',1,150.00,'none',0.00,0.00,150.00,150.00,0.00),(148,102,'SALETEST_1760435348742','Sale Test Product 1760435348742','Test Brand',NULL,'pcs',2,150.00,'percentage',10.00,0.00,150.00,150.00,0.00),(149,103,'zy0000839541','mutton','F16',NULL,'kg1',2,600.00,'none',0.00,0.00,600.00,600.00,0.00),(150,103,'zy0000821198','Business Logic Test Product',NULL,NULL,'pcs',1,150.00,'none',0.00,0.00,150.00,150.00,0.00),(151,104,'zy0000839541','mutton','F16',NULL,'kg1',5,600.00,'none',0.00,0.00,600.00,600.00,0.00),(152,104,'zy0000777288','Pillow','UpdatedTestBrand',NULL,'Piece',3,300.00,'none',0.00,0.00,300.00,300.00,0.00),(153,104,'zy0000821198','Business Logic Test Product',NULL,NULL,'pcs',2,150.00,'none',0.00,0.00,150.00,150.00,0.00),(154,105,'zy0000777288','Pillow','UpdatedTestBrand',NULL,'Piece',1,300.00,'none',0.00,0.00,300.00,300.00,0.00),(155,106,'1',NULL,NULL,NULL,NULL,-1,100.00,'none',0.00,0.00,100.00,100.00,0.00),(157,108,'1',NULL,NULL,NULL,NULL,-1,100.00,'none',0.00,0.00,100.00,100.00,0.00),(159,110,'1',NULL,NULL,NULL,NULL,-1,100.00,'none',0.00,0.00,100.00,100.00,0.00),(161,112,'zy0000839541','mutton','F16',NULL,'kg1',1,600.00,'none',0.00,0.00,600.00,600.00,0.00),(162,113,'1',NULL,NULL,NULL,NULL,-1,100.00,'none',0.00,0.00,100.00,100.00,0.00),(165,116,'zy0000839541','mutton','F16',NULL,'kg1',1,600.00,'none',0.00,0.00,600.00,600.00,0.00),(166,117,'zy0000839541','mutton','F16',NULL,'kg1',1,600.00,'none',0.00,0.00,600.00,600.00,0.00),(167,118,'zy0000839541','mutton','F16',NULL,'kg1',1,600.00,'none',0.00,0.00,600.00,600.00,0.00),(168,119,'zy0000839541','mutton','F16',NULL,'kg1',1,600.00,'none',0.00,0.00,600.00,600.00,0.00),(169,120,'zy0000839541','mutton','F16',NULL,'kg1',1,600.00,'none',0.00,0.00,600.00,600.00,0.00),(170,121,'zy0000839541','mutton','F16',NULL,'kg1',1,600.00,'none',0.00,0.00,600.00,600.00,0.00),(171,122,'zy0000839541','mutton','F16',NULL,'kg1',1,600.00,'none',0.00,0.00,600.00,600.00,0.00),(172,123,'zy0000839541','mutton','F16',NULL,'kg1',1,600.00,'none',0.00,0.00,600.00,600.00,0.00),(173,124,'zy0000839541','mutton','F16',NULL,'kg1',1,600.00,'none',0.00,0.00,600.00,600.00,0.00),(174,125,'TEST_PRODUCT_1760439756929','Test Product','Test Brand','Electronics','pieces',2,20.00,'none',0.00,0.00,20.00,20.00,0.00),(175,126,'TEST_PRODUCT_1760439769413','Test Product','Test Brand','Electronics','pieces',2,20.00,'none',0.00,0.00,20.00,20.00,0.00),(176,127,'TEST_PRODUCT_1760439799474','Test Product','Test Brand','Electronics','pieces',2,20.00,'none',0.00,0.00,20.00,20.00,0.00),(177,128,'TEST_PRODUCT_1760439836748','Test Product','Test Brand','Electronics','pieces',2,20.00,'none',0.00,0.00,20.00,20.00,0.00),(178,129,'TEST_PRODUCT_1760440295111','Test Product','Test Brand','Electronics','pieces',2,20.00,'none',0.00,0.00,20.00,20.00,0.00),(179,130,'TEST_PRODUCT_1760440456303','Test Product','Test Brand','Electronics','pieces',2,20.00,'none',0.00,0.00,20.00,20.00,0.00),(181,131,'zy0000839541',NULL,NULL,NULL,NULL,2,600.00,'none',0.00,0.00,600.00,1200.00,0.00),(184,132,'zy0000839541',NULL,NULL,NULL,NULL,2,600.00,'none',0.00,0.00,600.00,1200.00,0.00),(187,133,'zy0000839541',NULL,NULL,NULL,NULL,1,600.00,'none',0.00,0.00,600.00,600.00,0.00),(190,135,'zy0000839541',NULL,NULL,NULL,NULL,2,600.00,'none',0.00,0.00,600.00,1200.00,0.00),(193,55,'zy0000839541',NULL,NULL,NULL,NULL,1,600.00,'none',0.00,0.00,600.00,600.00,0.00),(194,47,'zy0000839541',NULL,NULL,NULL,NULL,1,600.00,'none',0.00,0.00,600.00,600.00,0.00);
/*!40000 ALTER TABLE `sale_items` ENABLE KEYS */;
UNLOCK TABLES;

--
-- Table structure for table `sales`
--

DROP TABLE IF EXISTS `sales`;
/*!40101 SET @saved_cs_client     = @@character_set_client */;
/*!50503 SET character_set_client = utf8mb4 */;
CREATE TABLE `sales` (
  `id` int NOT NULL AUTO_INCREMENT,
  `date` datetime DEFAULT CURRENT_TIMESTAMP,
  `cashier_id` int DEFAULT NULL,
  `cashier_name` varchar(100) DEFAULT NULL,
  `customer_id` int DEFAULT NULL,
  `discount` decimal(10,2) DEFAULT NULL,
  `total_amount` decimal(10,2) NOT NULL,
  `status` enum('pending','completed') DEFAULT 'pending',
  `discount_amount` decimal(10,2) DEFAULT '0.00' COMMENT 'Fixed discount amount in PKR',
  `discount_percentage` decimal(5,2) DEFAULT '0.00' COMMENT 'Percentage discount (0-100)',
  `subtotal` decimal(10,2) DEFAULT '0.00' COMMENT 'Subtotal before discount',
  `discount_type` enum('none','amount','percentage') DEFAULT 'none' COMMENT 'Type of discount applied',
  `customer_type` enum('retail','longterm') DEFAULT 'retail',
  `deleted_at` datetime DEFAULT NULL,
  PRIMARY KEY (`id`),
  KEY `cashier_id` (`cashier_id`),
  KEY `customer_id` (`customer_id`),
  KEY `idx_sales_discount_type` (`discount_type`),
  KEY `idx_sales_deleted_at` (`deleted_at`),
  CONSTRAINT `sales_ibfk_1` FOREIGN KEY (`cashier_id`) REFERENCES `users` (`id`),
  CONSTRAINT `sales_ibfk_2` FOREIGN KEY (`customer_id`) REFERENCES `customers` (`id`)
) ENGINE=InnoDB AUTO_INCREMENT=136 DEFAULT CHARSET=utf8mb4 COLLATE=utf8mb4_0900_ai_ci;
/*!40101 SET character_set_client = @saved_cs_client */;

--
-- Dumping data for table `sales`
--

LOCK TABLES `sales` WRITE;
/*!40000 ALTER TABLE `sales` DISABLE KEYS */;
INSERT INTO `sales` VALUES (15,'2025-09-16 13:46:51',6,'cashier',4,0.00,5.00,'completed',5.00,0.00,15.00,'amount','longterm',NULL),(16,'2025-09-16 13:47:28',6,'cashier',NULL,0.00,20.00,'completed',0.00,0.00,20.00,'none','retail',NULL),(17,'2025-09-16 16:43:40',6,'cashier',NULL,0.00,146.00,'completed',70.00,0.00,240.00,'amount','retail',NULL),(19,'2025-09-16 19:14:56',6,'cashier',NULL,0.00,30.00,'completed',0.00,0.00,30.00,'none','retail',NULL),(20,'2025-09-19 22:39:43',5,'owner',NULL,0.00,120.00,'pending',0.00,0.00,120.00,'none','retail',NULL),(21,'2025-09-19 22:40:56',5,'owner',NULL,0.00,80.00,'completed',0.00,0.00,80.00,'none','retail',NULL),(22,'2025-09-20 12:36:24',5,'owner',NULL,0.00,45.00,'pending',0.00,0.00,45.00,'none','retail',NULL),(23,'2025-09-20 12:40:51',5,'owner',NULL,0.00,20.00,'pending',0.00,0.00,20.00,'none','retail',NULL),(24,'2025-09-20 12:52:33',5,'owner',NULL,0.00,20.00,'pending',0.00,0.00,20.00,'none','retail',NULL),(25,'2025-09-20 13:00:37',5,'owner',NULL,0.00,20.00,'pending',0.00,0.00,20.00,'none','retail',NULL),(26,'2025-09-20 13:06:07',5,'owner',NULL,0.00,75.00,'pending',0.00,0.00,75.00,'none','retail',NULL),(27,'2025-09-20 13:16:43',5,'owner',NULL,0.00,24.40,'completed',5.00,0.00,25.00,'amount','retail',NULL),(28,'2025-09-20 13:17:09',5,'owner',NULL,0.00,200.00,'completed',0.00,0.00,200.00,'none','retail',NULL),(29,'2025-09-21 05:56:14',5,'owner',NULL,0.00,20.00,'pending',0.00,0.00,20.00,'none','retail',NULL),(30,'2025-09-22 00:40:57',6,'cashier',NULL,0.00,45.00,'pending',0.00,0.00,45.00,'none','retail',NULL),(31,'2025-09-22 00:51:29',6,'cashier',NULL,0.00,30.00,'pending',0.00,0.00,30.00,'none','retail',NULL),(32,'2025-09-22 00:53:15',6,'cashier',NULL,0.00,25.00,'completed',0.00,0.00,25.00,'none','retail',NULL),(34,'2025-09-30 07:50:04',5,'owner',NULL,NULL,64.00,'completed',5.00,0.00,175.00,'amount','retail',NULL),(35,'2025-09-30 07:55:14',5,'owner',NULL,NULL,23.00,'pending',5.00,0.00,28.00,'amount','retail',NULL),(36,'2025-10-01 05:08:20',5,'owner',NULL,NULL,27.00,'completed',0.00,0.00,27.00,'none','retail',NULL),(37,'2025-10-06 02:01:40',5,'owner',4,NULL,23.00,'completed',10.00,0.00,47.00,'amount','longterm',NULL),(39,'2025-10-07 00:11:32',NULL,'Unknown',NULL,NULL,100.00,'pending',0.00,0.00,100.00,'none','retail',NULL),(45,'2025-10-11 16:37:28',5,'owner',4,NULL,500.00,'completed',0.00,0.00,500.00,'none','longterm',NULL),(46,'2025-10-12 16:25:46',5,'owner',NULL,NULL,600.00,'pending',0.00,0.00,600.00,'none','retail',NULL),(47,'2025-10-12 16:25:46',5,'owner',102,NULL,600.00,'pending',0.00,0.00,550.00,'none','longterm',NULL),(48,'2025-10-12 16:25:46',5,'owner',NULL,NULL,550.00,'pending',0.00,0.00,550.00,'none','retail',NULL),(49,'2025-10-12 16:26:24',5,'owner',NULL,NULL,600.00,'pending',0.00,0.00,600.00,'none','retail',NULL),(50,'2025-10-12 16:26:24',5,'owner',NULL,NULL,550.00,'pending',0.00,0.00,550.00,'none','retail',NULL),(51,'2025-10-12 16:26:24',5,'owner',NULL,NULL,550.00,'pending',0.00,0.00,550.00,'none','retail',NULL),(52,'2025-10-12 16:30:34',5,'owner',NULL,NULL,600.00,'pending',0.00,0.00,600.00,'none','retail',NULL),(53,'2025-10-12 16:30:34',5,'owner',NULL,NULL,550.00,'pending',0.00,0.00,550.00,'none','retail',NULL),(55,'2025-10-12 16:31:04',5,'owner',NULL,NULL,600.00,'completed',0.00,0.00,600.00,'none','retail',NULL),(56,'2025-10-12 16:31:04',5,'owner',NULL,NULL,550.00,'pending',0.00,0.00,550.00,'none','retail',NULL),(57,'2025-10-12 16:36:48',5,'owner',NULL,NULL,600.00,'pending',0.00,0.00,600.00,'none','retail',NULL),(58,'2025-10-12 16:36:48',5,'owner',NULL,NULL,550.00,'pending',0.00,0.00,550.00,'none','retail',NULL),(59,'2025-10-12 16:37:28',5,'owner',NULL,NULL,600.00,'pending',0.00,0.00,600.00,'none','retail',NULL),(60,'2025-10-12 16:37:28',5,'owner',NULL,NULL,550.00,'pending',0.00,0.00,550.00,'none','retail',NULL),(61,'2025-10-12 16:37:29',5,'owner',NULL,NULL,600.01,'pending',0.00,0.00,600.01,'none','retail',NULL),(62,'2025-10-12 19:15:29',5,'owner',NULL,NULL,300.00,'pending',0.00,0.00,300.00,'none','retail',NULL),(63,'2025-10-12 19:16:01',5,'owner',NULL,NULL,300.00,'pending',0.00,0.00,300.00,'none','retail',NULL),(64,'2025-10-12 19:27:27',5,'owner',NULL,NULL,300.00,'pending',0.00,0.00,300.00,'none','retail',NULL),(65,'2025-10-12 19:33:16',5,'owner',NULL,NULL,1200.00,'pending',0.00,0.00,1200.00,'none','retail',NULL),(66,'2025-10-12 19:34:31',5,'owner',NULL,NULL,200.00,'pending',0.00,0.00,200.00,'none','retail',NULL),(67,'2025-10-12 19:49:15',5,'owner',NULL,NULL,200.00,'pending',0.00,0.00,200.00,'none','retail',NULL),(68,'2025-10-12 19:53:41',5,'owner',NULL,NULL,300.00,'pending',0.00,0.00,300.00,'none','retail',NULL),(69,'2025-10-12 19:53:41',5,'owner',NULL,NULL,135.00,'pending',15.00,10.00,150.00,'percentage','retail',NULL),(72,'2025-10-12 20:16:35',26,'admin',NULL,NULL,1250.00,'pending',0.00,0.00,1250.00,'none','retail',NULL),(75,'2025-10-13 15:45:27',5,'owner',NULL,NULL,600.00,'completed',0.00,0.00,600.00,'none','retail',NULL),(79,'2025-10-13 15:51:41',5,'owner',NULL,NULL,200.00,'completed',0.00,0.00,200.00,'none','retail',NULL),(82,'2025-10-13 19:18:02',5,'owner',NULL,NULL,450.00,'completed',0.00,0.00,450.00,'none','retail',NULL),(83,'2025-10-14 09:54:03',5,'owner',NULL,NULL,150.00,'completed',10.00,0.00,200.00,'amount','retail',NULL),(84,'2025-10-14 09:59:43',5,'owner',NULL,NULL,300.00,'completed',0.00,0.00,300.00,'none','retail',NULL),(85,'2025-10-14 11:43:59',5,'owner',4,NULL,550.00,'completed',0.00,0.00,550.00,'none','longterm',NULL),(89,'2025-10-14 13:18:06',26,'admin',NULL,NULL,285.00,'completed',15.00,5.00,300.00,'percentage','retail',NULL),(90,'2025-10-14 13:18:22',26,'admin',NULL,NULL,285.00,'completed',15.00,5.00,300.00,'percentage','retail',NULL),(101,'2025-10-14 14:48:46',26,'admin',NULL,NULL,1350.00,'completed',0.00,0.00,1350.00,'none','retail',NULL),(102,'2025-10-14 14:49:08',26,'admin',NULL,NULL,285.00,'completed',15.00,5.00,300.00,'percentage','retail',NULL),(103,'2025-10-14 14:49:22',26,'admin',NULL,NULL,1350.00,'completed',0.00,0.00,1350.00,'none','retail',NULL),(104,'2025-10-14 14:49:23',26,'admin',NULL,NULL,4200.00,'completed',0.00,0.00,4200.00,'none','retail',NULL),(105,'2025-10-14 14:49:24',26,'admin',NULL,NULL,300.00,'completed',0.00,0.00,300.00,'none','retail',NULL),(106,'2025-10-14 15:11:29',26,'admin',NULL,NULL,0.00,'completed',0.00,0.00,-100.00,'none','retail',NULL),(108,'2025-10-14 15:12:07',26,'admin',NULL,NULL,0.00,'completed',0.00,0.00,-100.00,'none','retail',NULL),(110,'2025-10-14 15:13:27',26,'admin',NULL,NULL,0.00,'completed',0.00,0.00,-100.00,'none','retail',NULL),(112,'2025-10-14 15:14:13',26,'admin',NULL,NULL,600.00,'completed',0.00,0.00,600.00,'none','retail',NULL),(113,'2025-10-14 15:14:13',26,'admin',NULL,NULL,0.00,'completed',0.00,0.00,-100.00,'none','retail',NULL),(116,'2025-10-14 15:30:39',26,'admin',NULL,NULL,600.00,'completed',0.00,0.00,600.00,'none','retail',NULL),(117,'2025-10-14 15:31:55',26,'admin',NULL,NULL,600.00,'completed',0.00,0.00,600.00,'none','retail',NULL),(118,'2025-10-14 15:32:03',26,'admin',NULL,NULL,600.00,'completed',0.00,0.00,600.00,'none','retail',NULL),(119,'2025-10-14 15:32:11',26,'admin',NULL,NULL,600.00,'completed',0.00,0.00,600.00,'none','retail',NULL),(120,'2025-10-14 15:32:38',26,'admin',NULL,NULL,600.00,'completed',0.00,0.00,600.00,'none','retail',NULL),(121,'2025-10-14 15:35:42',26,'admin',NULL,NULL,600.00,'completed',0.00,0.00,600.00,'none','retail',NULL),(122,'2025-10-14 15:37:38',26,'admin',NULL,NULL,600.00,'completed',0.00,0.00,600.00,'none','retail',NULL),(123,'2025-10-14 15:37:47',26,'admin',NULL,NULL,600.00,'completed',0.00,0.00,600.00,'none','retail',NULL),(124,'2025-10-14 15:48:07',26,'admin',NULL,NULL,600.00,'completed',0.00,0.00,600.00,'none','retail',NULL),(125,'2025-10-14 16:02:36',5,'test-system',NULL,NULL,40.00,'completed',0.00,0.00,40.00,'none','retail',NULL),(126,'2025-10-14 16:02:49',5,'test-system',NULL,NULL,40.00,'completed',0.00,0.00,40.00,'none','retail',NULL),(127,'2025-10-14 16:03:19',5,'test-system',NULL,NULL,40.00,'completed',0.00,0.00,40.00,'none','retail',NULL),(128,'2025-10-14 16:03:56',5,'test-system',NULL,NULL,40.00,'completed',0.00,0.00,40.00,'none','retail',NULL),(129,'2025-10-14 16:11:35',5,'test-system',NULL,NULL,40.00,'completed',0.00,0.00,40.00,'none','retail',NULL),(130,'2025-10-14 16:14:16',5,'test-system',NULL,NULL,40.00,'completed',0.00,0.00,40.00,'none','retail',NULL),(131,'2025-10-14 16:19:00',26,'admin',NULL,NULL,600.00,'completed',0.00,0.00,600.00,'none','retail',NULL),(132,'2025-10-14 16:20:17',26,'admin',NULL,NULL,600.00,'completed',0.00,0.00,600.00,'none','retail',NULL),(133,'2025-10-14 16:20:43',26,'admin',NULL,NULL,600.00,'completed',0.00,0.00,600.00,'none','retail',NULL),(135,'2025-10-14 16:21:48',26,'admin',NULL,NULL,600.00,'completed',0.00,0.00,600.00,'none','retail',NULL);
/*!40000 ALTER TABLE `sales` ENABLE KEYS */;
UNLOCK TABLES;

--
-- Table structure for table `suppliers`
--

DROP TABLE IF EXISTS `suppliers`;
/*!40101 SET @saved_cs_client     = @@character_set_client */;
/*!50503 SET character_set_client = utf8mb4 */;
CREATE TABLE `suppliers` (
  `id` int NOT NULL AUTO_INCREMENT,
  `name` varchar(100) NOT NULL,
  `brand_name` varchar(100) DEFAULT NULL,
  `opening_balance` decimal(10,2) DEFAULT '0.00',
  `opening_balance_type` enum('debit','credit') DEFAULT 'debit',
  `contact_info` varchar(255) DEFAULT NULL,
  `balance` decimal(10,2) DEFAULT '0.00',
  `deleted_at` datetime DEFAULT NULL,
  PRIMARY KEY (`id`),
  KEY `idx_suppliers_deleted_at` (`deleted_at`)
) ENGINE=InnoDB AUTO_INCREMENT=53 DEFAULT CHARSET=utf8mb4 COLLATE=utf8mb4_0900_ai_ci;
/*!40101 SET character_set_client = @saved_cs_client */;

--
-- Dumping data for table `suppliers`
--

LOCK TABLES `suppliers` WRITE;
/*!40000 ALTER TABLE `suppliers` DISABLE KEYS */;
INSERT INTO `suppliers` VALUES (18,'Updated Test Supplier Corp','UpdatedTestBrand',-1000.00,'credit','+1-555-9999',1500.75,NULL),(20,'Updated Test Supplier Corp','UpdatedTestBrand',-1000.00,'credit','+1-555-9999',0.75,NULL),(27,'Test Frontend Supplier','TestBrand',500.00,'debit','test@example.com',500.00,NULL),(28,'Updated Frontend Test Supplier','UpdatedFrontendBrand',-750.00,'debit','updated-frontend@test.com',-49.50,NULL),(29,'Updated Frontend Test Supplier','UpdatedFrontendBrand',-750.00,'debit','updated-frontend@test.com',-49.50,NULL),(30,'Final Test Supplier - Different Balance','FinalBrand',1500.00,'debit','final@test.com',2500.75,NULL),(33,'Undefined Balance Test','UndefinedTest',0.00,'debit','undefined@test.com',0.00,NULL),(34,'Debit to Credit Test','DebitToCredit',-500.00,'credit','debit-to-credit@test.com',-500.00,NULL),(35,'Credit to Debit Test','CreditToDebit',300.00,'debit','credit-to-debit@test.com',300.00,NULL),(36,'Auth Test Supplier','AuthTest',500.00,'debit','auth@test.com',650.75,NULL),(38,'Test Delete Supplier','Test Supplier Brand',0.00,'debit','test-delete-supplier@example.com',0.00,NULL),(39,'Test Delete Supplier','Test Supplier Brand',0.00,'debit','test-delete-supplier@example.com',0.00,NULL),(40,'Test Delete Supplier','Test Supplier Brand',0.00,'debit','test-delete-supplier@example.com',0.00,'2025-10-12 18:21:58'),(41,'Test Delete Supplier','Test Supplier Brand',0.00,'debit','test-delete-supplier@example.com',0.00,'2025-10-12 18:35:30'),(42,'Test Delete Supplier','Test Supplier Brand',0.00,'debit','test-delete-supplier@example.com',0.00,'2025-10-12 18:39:23'),(43,'Test Delete Supplier','Test Supplier Brand',0.00,'debit','test-delete-supplier@example.com',0.00,'2025-10-12 18:41:05'),(44,'Test Delete Supplier','Test Supplier Brand',0.00,'debit','test-delete-supplier@example.com',0.00,'2025-10-12 18:41:58'),(45,'Updated Test Supplier',NULL,0.00,NULL,NULL,0.00,NULL),(46,'Updated Test Supplier',NULL,0.00,NULL,NULL,0.00,NULL),(47,'Updated Test Supplier',NULL,0.00,NULL,NULL,0.00,NULL),(48,'Updated Test Supplier',NULL,0.00,NULL,NULL,800.00,NULL),(49,'Updated Test Supplier',NULL,0.00,NULL,NULL,800.00,NULL),(50,'Updated Business Logic Test Supplier',NULL,0.00,NULL,'updated-supplier@test.com',500.00,NULL),(51,'Computer Wholesale Inc',NULL,0.00,'debit',NULL,0.00,NULL),(52,'Electronics Direct',NULL,0.00,'debit',NULL,0.00,NULL);
/*!40000 ALTER TABLE `suppliers` ENABLE KEYS */;
UNLOCK TABLES;

--
-- Table structure for table `system_settings`
--

DROP TABLE IF EXISTS `system_settings`;
/*!40101 SET @saved_cs_client     = @@character_set_client */;
/*!50503 SET character_set_client = utf8mb4 */;
CREATE TABLE `system_settings` (
  `id` int NOT NULL AUTO_INCREMENT,
  `setting_key` varchar(100) NOT NULL,
  `setting_value` text,
  `description` text,
  `created_at` timestamp NULL DEFAULT CURRENT_TIMESTAMP,
  `updated_at` timestamp NULL DEFAULT CURRENT_TIMESTAMP ON UPDATE CURRENT_TIMESTAMP,
  PRIMARY KEY (`id`),
  UNIQUE KEY `setting_key` (`setting_key`)
) ENGINE=InnoDB AUTO_INCREMENT=45 DEFAULT CHARSET=utf8mb4 COLLATE=utf8mb4_0900_ai_ci;
/*!40101 SET character_set_client = @saved_cs_client */;

--
-- Dumping data for table `system_settings`
--

LOCK TABLES `system_settings` WRITE;
/*!40000 ALTER TABLE `system_settings` DISABLE KEYS */;
INSERT INTO `system_settings` VALUES (1,'business_name','Test Company','Name of the business','2025-10-10 10:33:12','2025-10-10 10:33:20'),(2,'business_address','','Business address','2025-10-10 10:33:12','2025-10-10 10:33:12'),(3,'business_phone','','Business phone number','2025-10-10 10:33:12','2025-10-10 10:33:12'),(4,'business_email','test@company.com','Business email address','2025-10-10 10:33:12','2025-10-10 10:33:20'),(5,'tax_rate','10.5','Default tax rate percentage','2025-10-10 10:33:12','2025-10-10 10:33:20'),(6,'currency','USD','Default currency','2025-10-10 10:33:12','2025-10-10 10:33:20'),(7,'low_stock_threshold','10','Low stock alert threshold','2025-10-10 10:33:12','2025-10-10 10:33:12'),(8,'backup_frequency','daily','Backup frequency setting','2025-10-10 10:33:12','2025-10-10 10:33:12');
/*!40000 ALTER TABLE `system_settings` ENABLE KEYS */;
UNLOCK TABLES;

--
-- Table structure for table `users`
--

DROP TABLE IF EXISTS `users`;
/*!40101 SET @saved_cs_client     = @@character_set_client */;
/*!50503 SET character_set_client = utf8mb4 */;
CREATE TABLE `users` (
  `id` int NOT NULL AUTO_INCREMENT,
  `username` varchar(50) NOT NULL,
  `password` varchar(255) NOT NULL,
  `email` varchar(100) DEFAULT NULL,
  `full_name` varchar(100) DEFAULT NULL,
  `role` enum('cashier','manager','owner') DEFAULT 'cashier',
  `active` tinyint(1) DEFAULT '1',
  `failed_login_attempts` int DEFAULT '0',
  `last_login_attempt` timestamp NULL DEFAULT NULL,
  `last_login` timestamp NULL DEFAULT NULL,
  `created_at` timestamp NULL DEFAULT CURRENT_TIMESTAMP,
  `password_changed_at` timestamp NULL DEFAULT NULL,
  `deleted_at` datetime DEFAULT NULL,
  PRIMARY KEY (`id`),
  UNIQUE KEY `username` (`username`),
  UNIQUE KEY `email` (`email`),
  KEY `idx_users_deleted_at` (`deleted_at`)
) ENGINE=InnoDB AUTO_INCREMENT=30 DEFAULT CHARSET=utf8mb4 COLLATE=utf8mb4_0900_ai_ci;
/*!40101 SET character_set_client = @saved_cs_client */;

--
-- Dumping data for table `users`
--

LOCK TABLES `users` WRITE;
/*!40000 ALTER TABLE `users` DISABLE KEYS */;
INSERT INTO `users` VALUES (5,'owner','$2b$10$QBBnWCCogO15dHqkMyLAuOFMVDVpkB5vk9IJ7rtA9AUWyx8.8dTja','updated@test.com','Owner','owner',1,0,'2025-10-19 14:12:36','2025-10-19 14:12:36','2025-09-17 00:12:29',NULL,NULL),(6,'cashier','$2b$12$MGsfZr716xE/PI49IV7d3u8rxIxbEYuPGZe0EYG4dDKEediHp7LBW',NULL,'Cashier','cashier',1,0,'2025-10-19 13:53:29','2025-10-19 13:53:29','2025-09-17 00:12:29',NULL,NULL),(15,'testuser','$2b$12$LTlzeXu1DX2ILH2DIvHEG.Y52Z6BCz2V7vosjinTt.OtR4xrj.a3q',NULL,'Testuser','owner',1,0,'2025-10-10 07:12:08','2025-10-10 07:12:08','2025-10-09 13:33:35',NULL,NULL),(26,'admin','$2b$10$/SmrASpEyTV6s14fEzzVJOWVIZU6gPKsaKp92Sbp8E7IZ0Vw2hZfe',NULL,NULL,'owner',1,0,'2025-10-15 13:56:02','2025-10-15 13:56:02','2025-10-12 13:08:26',NULL,NULL),(27,'Zain','$2b$10$SSOrLtJvKE7.mJ1rD4Bus.nWpo/VbeBS8nO6swL0fKWa2DEpxfWjG','ulabideen436@gmail.com','Zain Ul Abideen','cashier',1,0,'2025-10-13 13:06:02','2025-10-13 13:06:02','2025-10-13 12:25:56',NULL,'2025-10-13 18:25:33'),(28,'testuser1760358490188','$2b$10$nrq/ZYmf7L5XJgsWSmp3QOGEjy2AwmpFV.FM1F1gIG3f7Awql9KSS','test@example.com','Test User','cashier',1,0,NULL,NULL,'2025-10-13 12:28:10',NULL,'2025-10-13 18:25:29'),(29,'testowner','$2b$10$KzteDNsb2L.CjRfmKdkdkO/CT7Ze41lmMrNI43ah0mI34rBOO7cQy',NULL,NULL,'owner',1,0,'2025-10-19 07:54:36','2025-10-19 07:54:36','2025-10-19 07:47:56',NULL,NULL);
/*!40000 ALTER TABLE `users` ENABLE KEYS */;
UNLOCK TABLES;
/*!40103 SET TIME_ZONE=@OLD_TIME_ZONE */;

/*!40101 SET SQL_MODE=@OLD_SQL_MODE */;
/*!40014 SET FOREIGN_KEY_CHECKS=@OLD_FOREIGN_KEY_CHECKS */;
/*!40014 SET UNIQUE_CHECKS=@OLD_UNIQUE_CHECKS */;
/*!40101 SET CHARACTER_SET_CLIENT=@OLD_CHARACTER_SET_CLIENT */;
/*!40101 SET CHARACTER_SET_RESULTS=@OLD_CHARACTER_SET_RESULTS */;
/*!40101 SET COLLATION_CONNECTION=@OLD_COLLATION_CONNECTION */;
/*!40111 SET SQL_NOTES=@OLD_SQL_NOTES */;

-- Dump completed on 2025-10-19 19:19:47
